FACT_SALES_ID,INVOICE_ID,CUSTOMER_ID,TRACK_ID,INVOICE_DATE_KEY,UNIT_PRICE,QUANTITY,EXTENDED_AMOUNT
1,1,2,2,20210101,0.99,1,0.99
2,1,2,4,20210101,0.99,1,0.99
3,2,4,6,20210102,0.99,1,0.99
4,2,4,8,20210102,0.99,1,0.99
5,2,4,10,20210102,0.99,1,0.99
6,2,4,12,20210102,0.99,1,0.99
7,3,8,16,20210103,0.99,1,0.99
8,3,8,20,20210103,0.99,1,0.99
9,3,8,24,20210103,0.99,1,0.99
10,3,8,28,20210103,0.99,1,0.99
11,3,8,32,20210103,0.99,1,0.99
12,3,8,36,20210103,0.99,1,0.99
13,4,14,42,20210106,0.99,1,0.99
14,4,14,48,20210106,0.99,1,0.99
15,4,14,54,20210106,0.99,1,0.99
16,4,14,60,20210106,0.99,1,0.99
17,4,14,66,20210106,0.99,1,0.99
18,4,14,72,20210106,0.99,1,0.99
19,4,14,78,20210106,0.99,1,0.99
20,4,14,84,20210106,0.99,1,0.99
21,4,14,90,20210106,0.99,1,0.99
22,5,23,99,20210111,0.99,1,0.99
23,5,23,108,20210111,0.99,1,0.99
24,5,23,117,20210111,0.99,1,0.99
25,5,23,126,20210111,0.99,1,0.99
26,5,23,135,20210111,0.99,1,0.99
27,5,23,144,20210111,0.99,1,0.99
28,5,23,153,20210111,0.99,1,0.99
29,5,23,162,20210111,0.99,1,0.99
30,5,23,171,20210111,0.99,1,0.99
31,5,23,180,20210111,0.99,1,0.99
32,5,23,189,20210111,0.99,1,0.99
33,5,23,198,20210111,0.99,1,0.99
34,5,23,207,20210111,0.99,1,0.99
35,5,23,216,20210111,0.99,1,0.99
36,6,37,230,20210119,0.99,1,0.99
37,7,38,231,20210201,0.99,1,0.99
38,7,38,232,20210201,0.99,1,0.99
39,8,40,234,20210201,0.99,1,0.99
40,8,40,236,20210201,0.99,1,0.99
41,9,42,238,20210202,0.99,1,0.99
42,9,42,240,20210202,0.99,1,0.99
43,9,42,242,20210202,0.99,1,0.99
44,9,42,244,20210202,0.99,1,0.99
45,10,46,248,20210203,0.99,1,0.99
46,10,46,252,20210203,0.99,1,0.99
47,10,46,256,20210203,0.99,1,0.99
48,10,46,260,20210203,0.99,1,0.99
49,10,46,264,20210203,0.99,1,0.99
50,10,46,268,20210203,0.99,1,0.99
51,11,52,274,20210206,0.99,1,0.99
52,11,52,280,20210206,0.99,1,0.99
53,11,52,286,20210206,0.99,1,0.99
54,11,52,292,20210206,0.99,1,0.99
55,11,52,298,20210206,0.99,1,0.99
56,11,52,304,20210206,0.99,1,0.99
57,11,52,310,20210206,0.99,1,0.99
58,11,52,316,20210206,0.99,1,0.99
59,11,52,322,20210206,0.99,1,0.99
60,12,2,331,20210211,0.99,1,0.99
61,12,2,340,20210211,0.99,1,0.99
62,12,2,349,20210211,0.99,1,0.99
63,12,2,358,20210211,0.99,1,0.99
64,12,2,367,20210211,0.99,1,0.99
65,12,2,376,20210211,0.99,1,0.99
66,12,2,385,20210211,0.99,1,0.99
67,12,2,394,20210211,0.99,1,0.99
68,12,2,403,20210211,0.99,1,0.99
69,12,2,412,20210211,0.99,1,0.99
70,12,2,421,20210211,0.99,1,0.99
71,12,2,430,20210211,0.99,1,0.99
72,12,2,439,20210211,0.99,1,0.99
73,12,2,448,20210211,0.99,1,0.99
74,13,16,462,20210219,0.99,1,0.99
75,14,17,463,20210304,0.99,1,0.99
76,14,17,464,20210304,0.99,1,0.99
77,15,19,466,20210304,0.99,1,0.99
78,15,19,468,20210304,0.99,1,0.99
79,16,21,470,20210305,0.99,1,0.99
80,16,21,472,20210305,0.99,1,0.99
81,16,21,474,20210305,0.99,1,0.99
82,16,21,476,20210305,0.99,1,0.99
83,17,25,480,20210306,0.99,1,0.99
84,17,25,484,20210306,0.99,1,0.99
85,17,25,488,20210306,0.99,1,0.99
86,17,25,492,20210306,0.99,1,0.99
87,17,25,496,20210306,0.99,1,0.99
88,17,25,500,20210306,0.99,1,0.99
89,18,31,506,20210309,0.99,1,0.99
90,18,31,512,20210309,0.99,1,0.99
91,18,31,518,20210309,0.99,1,0.99
92,18,31,524,20210309,0.99,1,0.99
93,18,31,530,20210309,0.99,1,0.99
94,18,31,536,20210309,0.99,1,0.99
95,18,31,542,20210309,0.99,1,0.99
96,18,31,548,20210309,0.99,1,0.99
97,18,31,554,20210309,0.99,1,0.99
98,19,40,563,20210314,0.99,1,0.99
99,19,40,572,20210314,0.99,1,0.99
100,19,40,581,20210314,0.99,1,0.99
101,19,40,590,20210314,0.99,1,0.99
102,19,40,599,20210314,0.99,1,0.99
103,19,40,608,20210314,0.99,1,0.99
104,19,40,617,20210314,0.99,1,0.99
105,19,40,626,20210314,0.99,1,0.99
106,19,40,635,20210314,0.99,1,0.99
107,19,40,644,20210314,0.99,1,0.99
108,19,40,653,20210314,0.99,1,0.99
109,19,40,662,20210314,0.99,1,0.99
110,19,40,671,20210314,0.99,1,0.99
111,19,40,680,20210314,0.99,1,0.99
112,20,54,694,20210322,0.99,1,0.99
113,21,55,695,20210404,0.99,1,0.99
114,21,55,696,20210404,0.99,1,0.99
115,22,57,698,20210404,0.99,1,0.99
116,22,57,700,20210404,0.99,1,0.99
117,23,59,702,20210405,0.99,1,0.99
118,23,59,704,20210405,0.99,1,0.99
119,23,59,706,20210405,0.99,1,0.99
120,23,59,708,20210405,0.99,1,0.99
121,24,4,712,20210406,0.99,1,0.99
122,24,4,716,20210406,0.99,1,0.99
123,24,4,720,20210406,0.99,1,0.99
124,24,4,724,20210406,0.99,1,0.99
125,24,4,728,20210406,0.99,1,0.99
126,24,4,732,20210406,0.99,1,0.99
127,25,10,738,20210409,0.99,1,0.99
128,25,10,744,20210409,0.99,1,0.99
129,25,10,750,20210409,0.99,1,0.99
130,25,10,756,20210409,0.99,1,0.99
131,25,10,762,20210409,0.99,1,0.99
132,25,10,768,20210409,0.99,1,0.99
133,25,10,774,20210409,0.99,1,0.99
134,25,10,780,20210409,0.99,1,0.99
135,25,10,786,20210409,0.99,1,0.99
136,26,19,795,20210414,0.99,1,0.99
137,26,19,804,20210414,0.99,1,0.99
138,26,19,813,20210414,0.99,1,0.99
139,26,19,822,20210414,0.99,1,0.99
140,26,19,831,20210414,0.99,1,0.99
141,26,19,840,20210414,0.99,1,0.99
142,26,19,849,20210414,0.99,1,0.99
143,26,19,858,20210414,0.99,1,0.99
144,26,19,867,20210414,0.99,1,0.99
145,26,19,876,20210414,0.99,1,0.99
146,26,19,885,20210414,0.99,1,0.99
147,26,19,894,20210414,0.99,1,0.99
148,26,19,903,20210414,0.99,1,0.99
149,26,19,912,20210414,0.99,1,0.99
150,27,33,926,20210422,0.99,1,0.99
151,28,34,927,20210505,0.99,1,0.99
152,28,34,928,20210505,0.99,1,0.99
153,29,36,930,20210505,0.99,1,0.99
154,29,36,932,20210505,0.99,1,0.99
155,30,38,934,20210506,0.99,1,0.99
156,30,38,936,20210506,0.99,1,0.99
157,30,38,938,20210506,0.99,1,0.99
158,30,38,940,20210506,0.99,1,0.99
159,31,42,944,20210507,0.99,1,0.99
160,31,42,948,20210507,0.99,1,0.99
161,31,42,952,20210507,0.99,1,0.99
162,31,42,956,20210507,0.99,1,0.99
163,31,42,960,20210507,0.99,1,0.99
164,31,42,964,20210507,0.99,1,0.99
165,32,48,970,20210510,0.99,1,0.99
166,32,48,976,20210510,0.99,1,0.99
167,32,48,982,20210510,0.99,1,0.99
168,32,48,988,20210510,0.99,1,0.99
169,32,48,994,20210510,0.99,1,0.99
170,32,48,1000,20210510,0.99,1,0.99
171,32,48,1006,20210510,0.99,1,0.99
172,32,48,1012,20210510,0.99,1,0.99
173,32,48,1018,20210510,0.99,1,0.99
174,33,57,1027,20210515,0.99,1,0.99
175,33,57,1036,20210515,0.99,1,0.99
176,33,57,1045,20210515,0.99,1,0.99
177,33,57,1054,20210515,0.99,1,0.99
178,33,57,1063,20210515,0.99,1,0.99
179,33,57,1072,20210515,0.99,1,0.99
180,33,57,1081,20210515,0.99,1,0.99
181,33,57,1090,20210515,0.99,1,0.99
182,33,57,1099,20210515,0.99,1,0.99
183,33,57,1108,20210515,0.99,1,0.99
184,33,57,1117,20210515,0.99,1,0.99
185,33,57,1126,20210515,0.99,1,0.99
186,33,57,1135,20210515,0.99,1,0.99
187,33,57,1144,20210515,0.99,1,0.99
188,34,12,1158,20210523,0.99,1,0.99
189,35,13,1159,20210605,0.99,1,0.99
190,35,13,1160,20210605,0.99,1,0.99
191,36,15,1162,20210605,0.99,1,0.99
192,36,15,1164,20210605,0.99,1,0.99
193,37,17,1166,20210606,0.99,1,0.99
194,37,17,1168,20210606,0.99,1,0.99
195,37,17,1170,20210606,0.99,1,0.99
196,37,17,1172,20210606,0.99,1,0.99
197,38,21,1176,20210607,0.99,1,0.99
198,38,21,1180,20210607,0.99,1,0.99
199,38,21,1184,20210607,0.99,1,0.99
200,38,21,1188,20210607,0.99,1,0.99
201,38,21,1192,20210607,0.99,1,0.99
202,38,21,1196,20210607,0.99,1,0.99
203,39,27,1202,20210610,0.99,1,0.99
204,39,27,1208,20210610,0.99,1,0.99
205,39,27,1214,20210610,0.99,1,0.99
206,39,27,1220,20210610,0.99,1,0.99
207,39,27,1226,20210610,0.99,1,0.99
208,39,27,1232,20210610,0.99,1,0.99
209,39,27,1238,20210610,0.99,1,0.99
210,39,27,1244,20210610,0.99,1,0.99
211,39,27,1250,20210610,0.99,1,0.99
212,40,36,1259,20210615,0.99,1,0.99
213,40,36,1268,20210615,0.99,1,0.99
214,40,36,1277,20210615,0.99,1,0.99
215,40,36,1286,20210615,0.99,1,0.99
216,40,36,1295,20210615,0.99,1,0.99
217,40,36,1304,20210615,0.99,1,0.99
218,40,36,1313,20210615,0.99,1,0.99
219,40,36,1322,20210615,0.99,1,0.99
220,40,36,1331,20210615,0.99,1,0.99
221,40,36,1340,20210615,0.99,1,0.99
222,40,36,1349,20210615,0.99,1,0.99
223,40,36,1358,20210615,0.99,1,0.99
224,40,36,1367,20210615,0.99,1,0.99
225,40,36,1376,20210615,0.99,1,0.99
226,41,50,1390,20210623,0.99,1,0.99
227,42,51,1391,20210706,0.99,1,0.99
228,42,51,1392,20210706,0.99,1,0.99
229,43,53,1394,20210706,0.99,1,0.99
230,43,53,1396,20210706,0.99,1,0.99
231,44,55,1398,20210707,0.99,1,0.99
232,44,55,1400,20210707,0.99,1,0.99
233,44,55,1402,20210707,0.99,1,0.99
234,44,55,1404,20210707,0.99,1,0.99
235,45,59,1408,20210708,0.99,1,0.99
236,45,59,1412,20210708,0.99,1,0.99
237,45,59,1416,20210708,0.99,1,0.99
238,45,59,1420,20210708,0.99,1,0.99
239,45,59,1424,20210708,0.99,1,0.99
240,45,59,1428,20210708,0.99,1,0.99
241,46,6,1434,20210711,0.99,1,0.99
242,46,6,1440,20210711,0.99,1,0.99
243,46,6,1446,20210711,0.99,1,0.99
244,46,6,1452,20210711,0.99,1,0.99
245,46,6,1458,20210711,0.99,1,0.99
246,46,6,1464,20210711,0.99,1,0.99
247,46,6,1470,20210711,0.99,1,0.99
248,46,6,1476,20210711,0.99,1,0.99
249,46,6,1482,20210711,0.99,1,0.99
250,47,15,1491,20210716,0.99,1,0.99
251,47,15,1500,20210716,0.99,1,0.99
252,47,15,1509,20210716,0.99,1,0.99
253,47,15,1518,20210716,0.99,1,0.99
254,47,15,1527,20210716,0.99,1,0.99
255,47,15,1536,20210716,0.99,1,0.99
256,47,15,1545,20210716,0.99,1,0.99
257,47,15,1554,20210716,0.99,1,0.99
258,47,15,1563,20210716,0.99,1,0.99
259,47,15,1572,20210716,0.99,1,0.99
260,47,15,1581,20210716,0.99,1,0.99
261,47,15,1590,20210716,0.99,1,0.99
262,47,15,1599,20210716,0.99,1,0.99
263,47,15,1608,20210716,0.99,1,0.99
264,48,29,1622,20210724,0.99,1,0.99
265,49,30,1623,20210806,0.99,1,0.99
266,49,30,1624,20210806,0.99,1,0.99
267,50,32,1626,20210806,0.99,1,0.99
268,50,32,1628,20210806,0.99,1,0.99
269,51,34,1630,20210807,0.99,1,0.99
270,51,34,1632,20210807,0.99,1,0.99
271,51,34,1634,20210807,0.99,1,0.99
272,51,34,1636,20210807,0.99,1,0.99
273,52,38,1640,20210808,0.99,1,0.99
274,52,38,1644,20210808,0.99,1,0.99
275,52,38,1648,20210808,0.99,1,0.99
276,52,38,1652,20210808,0.99,1,0.99
277,52,38,1656,20210808,0.99,1,0.99
278,52,38,1660,20210808,0.99,1,0.99
279,53,44,1666,20210811,0.99,1,0.99
280,53,44,1672,20210811,0.99,1,0.99
281,53,44,1678,20210811,0.99,1,0.99
282,53,44,1684,20210811,0.99,1,0.99
283,53,44,1690,20210811,0.99,1,0.99
284,53,44,1696,20210811,0.99,1,0.99
285,53,44,1702,20210811,0.99,1,0.99
286,53,44,1708,20210811,0.99,1,0.99
287,53,44,1714,20210811,0.99,1,0.99
288,54,53,1723,20210816,0.99,1,0.99
289,54,53,1732,20210816,0.99,1,0.99
290,54,53,1741,20210816,0.99,1,0.99
291,54,53,1750,20210816,0.99,1,0.99
292,54,53,1759,20210816,0.99,1,0.99
293,54,53,1768,20210816,0.99,1,0.99
294,54,53,1777,20210816,0.99,1,0.99
295,54,53,1786,20210816,0.99,1,0.99
296,54,53,1795,20210816,0.99,1,0.99
297,54,53,1804,20210816,0.99,1,0.99
298,54,53,1813,20210816,0.99,1,0.99
299,54,53,1822,20210816,0.99,1,0.99
300,54,53,1831,20210816,0.99,1,0.99
301,54,53,1840,20210816,0.99,1,0.99
302,55,8,1854,20210824,0.99,1,0.99
303,56,9,1855,20210906,0.99,1,0.99
304,56,9,1856,20210906,0.99,1,0.99
305,57,11,1858,20210906,0.99,1,0.99
306,57,11,1860,20210906,0.99,1,0.99
307,58,13,1862,20210907,0.99,1,0.99
308,58,13,1864,20210907,0.99,1,0.99
309,58,13,1866,20210907,0.99,1,0.99
310,58,13,1868,20210907,0.99,1,0.99
311,59,17,1872,20210908,0.99,1,0.99
312,59,17,1876,20210908,0.99,1,0.99
313,59,17,1880,20210908,0.99,1,0.99
314,59,17,1884,20210908,0.99,1,0.99
315,59,17,1888,20210908,0.99,1,0.99
316,59,17,1892,20210908,0.99,1,0.99
317,60,23,1898,20210911,0.99,1,0.99
318,60,23,1904,20210911,0.99,1,0.99
319,60,23,1910,20210911,0.99,1,0.99
320,60,23,1916,20210911,0.99,1,0.99
321,60,23,1922,20210911,0.99,1,0.99
322,60,23,1928,20210911,0.99,1,0.99
323,60,23,1934,20210911,0.99,1,0.99
324,60,23,1940,20210911,0.99,1,0.99
325,60,23,1946,20210911,0.99,1,0.99
326,61,32,1955,20210916,0.99,1,0.99
327,61,32,1964,20210916,0.99,1,0.99
328,61,32,1973,20210916,0.99,1,0.99
329,61,32,1982,20210916,0.99,1,0.99
330,61,32,1991,20210916,0.99,1,0.99
331,61,32,2000,20210916,0.99,1,0.99
332,61,32,2009,20210916,0.99,1,0.99
333,61,32,2018,20210916,0.99,1,0.99
334,61,32,2027,20210916,0.99,1,0.99
335,61,32,2036,20210916,0.99,1,0.99
336,61,32,2045,20210916,0.99,1,0.99
337,61,32,2054,20210916,0.99,1,0.99
338,61,32,2063,20210916,0.99,1,0.99
339,61,32,2072,20210916,0.99,1,0.99
340,62,46,2086,20210924,0.99,1,0.99
341,63,47,2087,20211007,0.99,1,0.99
342,63,47,2088,20211007,0.99,1,0.99
343,64,49,2090,20211007,0.99,1,0.99
344,64,49,2092,20211007,0.99,1,0.99
345,65,51,2094,20211008,0.99,1,0.99
346,65,51,2096,20211008,0.99,1,0.99
347,65,51,2098,20211008,0.99,1,0.99
348,65,51,2100,20211008,0.99,1,0.99
349,66,55,2104,20211009,0.99,1,0.99
350,66,55,2108,20211009,0.99,1,0.99
351,66,55,2112,20211009,0.99,1,0.99
352,66,55,2116,20211009,0.99,1,0.99
353,66,55,2120,20211009,0.99,1,0.99
354,66,55,2124,20211009,0.99,1,0.99
355,67,2,2130,20211012,0.99,1,0.99
356,67,2,2136,20211012,0.99,1,0.99
357,67,2,2142,20211012,0.99,1,0.99
358,67,2,2148,20211012,0.99,1,0.99
359,67,2,2154,20211012,0.99,1,0.99
360,67,2,2160,20211012,0.99,1,0.99
361,67,2,2166,20211012,0.99,1,0.99
362,67,2,2172,20211012,0.99,1,0.99
363,67,2,2178,20211012,0.99,1,0.99
364,68,11,2187,20211017,0.99,1,0.99
365,68,11,2196,20211017,0.99,1,0.99
366,68,11,2205,20211017,0.99,1,0.99
367,68,11,2214,20211017,0.99,1,0.99
368,68,11,2223,20211017,0.99,1,0.99
369,68,11,2232,20211017,0.99,1,0.99
370,68,11,2241,20211017,0.99,1,0.99
371,68,11,2250,20211017,0.99,1,0.99
372,68,11,2259,20211017,0.99,1,0.99
373,68,11,2268,20211017,0.99,1,0.99
374,68,11,2277,20211017,0.99,1,0.99
375,68,11,2286,20211017,0.99,1,0.99
376,68,11,2295,20211017,0.99,1,0.99
377,68,11,2304,20211017,0.99,1,0.99
378,69,25,2318,20211025,0.99,1,0.99
379,70,26,2319,20211107,0.99,1,0.99
380,70,26,2320,20211107,0.99,1,0.99
381,71,28,2322,20211107,0.99,1,0.99
382,71,28,2324,20211107,0.99,1,0.99
383,72,30,2326,20211108,0.99,1,0.99
384,72,30,2328,20211108,0.99,1,0.99
385,72,30,2330,20211108,0.99,1,0.99
386,72,30,2332,20211108,0.99,1,0.99
387,73,34,2336,20211109,0.99,1,0.99
388,73,34,2340,20211109,0.99,1,0.99
389,73,34,2344,20211109,0.99,1,0.99
390,73,34,2348,20211109,0.99,1,0.99
391,73,34,2352,20211109,0.99,1,0.99
392,73,34,2356,20211109,0.99,1,0.99
393,74,40,2362,20211112,0.99,1,0.99
394,74,40,2368,20211112,0.99,1,0.99
395,74,40,2374,20211112,0.99,1,0.99
396,74,40,2380,20211112,0.99,1,0.99
397,74,40,2386,20211112,0.99,1,0.99
398,74,40,2392,20211112,0.99,1,0.99
399,74,40,2398,20211112,0.99,1,0.99
400,74,40,2404,20211112,0.99,1,0.99
401,74,40,2410,20211112,0.99,1,0.99
402,75,49,2419,20211117,0.99,1,0.99
403,75,49,2428,20211117,0.99,1,0.99
404,75,49,2437,20211117,0.99,1,0.99
405,75,49,2446,20211117,0.99,1,0.99
406,75,49,2455,20211117,0.99,1,0.99
407,75,49,2464,20211117,0.99,1,0.99
408,75,49,2473,20211117,0.99,1,0.99
409,75,49,2482,20211117,0.99,1,0.99
410,75,49,2491,20211117,0.99,1,0.99
411,75,49,2500,20211117,0.99,1,0.99
412,75,49,2509,20211117,0.99,1,0.99
413,75,49,2518,20211117,0.99,1,0.99
414,75,49,2527,20211117,0.99,1,0.99
415,75,49,2536,20211117,0.99,1,0.99
416,76,4,2550,20211125,0.99,1,0.99
417,77,5,2551,20211208,0.99,1,0.99
418,77,5,2552,20211208,0.99,1,0.99
419,78,7,2554,20211208,0.99,1,0.99
420,78,7,2556,20211208,0.99,1,0.99
421,79,9,2558,20211209,0.99,1,0.99
422,79,9,2560,20211209,0.99,1,0.99
423,79,9,2562,20211209,0.99,1,0.99
424,79,9,2564,20211209,0.99,1,0.99
425,80,13,2568,20211210,0.99,1,0.99
426,80,13,2572,20211210,0.99,1,0.99
427,80,13,2576,20211210,0.99,1,0.99
428,80,13,2580,20211210,0.99,1,0.99
429,80,13,2584,20211210,0.99,1,0.99
430,80,13,2588,20211210,0.99,1,0.99
431,81,19,2594,20211213,0.99,1,0.99
432,81,19,2600,20211213,0.99,1,0.99
433,81,19,2606,20211213,0.99,1,0.99
434,81,19,2612,20211213,0.99,1,0.99
435,81,19,2618,20211213,0.99,1,0.99
436,81,19,2624,20211213,0.99,1,0.99
437,81,19,2630,20211213,0.99,1,0.99
438,81,19,2636,20211213,0.99,1,0.99
439,81,19,2642,20211213,0.99,1,0.99
440,82,28,2651,20211218,0.99,1,0.99
441,82,28,2660,20211218,0.99,1,0.99
442,82,28,2669,20211218,0.99,1,0.99
443,82,28,2678,20211218,0.99,1,0.99
444,82,28,2687,20211218,0.99,1,0.99
445,82,28,2696,20211218,0.99,1,0.99
446,82,28,2705,20211218,0.99,1,0.99
447,82,28,2714,20211218,0.99,1,0.99
448,82,28,2723,20211218,0.99,1,0.99
449,82,28,2732,20211218,0.99,1,0.99
450,82,28,2741,20211218,0.99,1,0.99
451,82,28,2750,20211218,0.99,1,0.99
452,82,28,2759,20211218,0.99,1,0.99
453,82,28,2768,20211218,0.99,1,0.99
454,83,42,2782,20211226,0.99,1,0.99
455,84,43,2783,20220108,0.99,1,0.99
456,84,43,2784,20220108,0.99,1,0.99
457,85,45,2786,20220108,0.99,1,0.99
458,85,45,2788,20220108,0.99,1,0.99
459,86,47,2790,20220109,0.99,1,0.99
460,86,47,2792,20220109,0.99,1,0.99
461,86,47,2794,20220109,0.99,1,0.99
462,86,47,2796,20220109,0.99,1,0.99
463,87,51,2800,20220110,0.99,1,0.99
464,87,51,2804,20220110,0.99,1,0.99
465,87,51,2808,20220110,0.99,1,0.99
466,87,51,2812,20220110,0.99,1,0.99
467,87,51,2816,20220110,0.99,1,0.99
468,87,51,2820,20220110,1.99,1,1.99
469,88,57,2826,20220113,1.99,1,1.99
470,88,57,2832,20220113,1.99,1,1.99
471,88,57,2838,20220113,1.99,1,1.99
472,88,57,2844,20220113,1.99,1,1.99
473,88,57,2850,20220113,1.99,1,1.99
474,88,57,2856,20220113,1.99,1,1.99
475,88,57,2862,20220113,1.99,1,1.99
476,88,57,2868,20220113,1.99,1,1.99
477,88,57,2874,20220113,1.99,1,1.99
478,89,7,2883,20220118,1.99,1,1.99
479,89,7,2892,20220118,1.99,1,1.99
480,89,7,2901,20220118,1.99,1,1.99
481,89,7,2910,20220118,1.99,1,1.99
482,89,7,2919,20220118,1.99,1,1.99
483,89,7,2928,20220118,0.99,1,0.99
484,89,7,2937,20220118,0.99,1,0.99
485,89,7,2946,20220118,0.99,1,0.99
486,89,7,2955,20220118,0.99,1,0.99
487,89,7,2964,20220118,0.99,1,0.99
488,89,7,2973,20220118,0.99,1,0.99
489,89,7,2982,20220118,0.99,1,0.99
490,89,7,2991,20220118,0.99,1,0.99
491,89,7,3000,20220118,0.99,1,0.99
492,90,21,3014,20220126,0.99,1,0.99
493,91,22,3015,20220208,0.99,1,0.99
494,91,22,3016,20220208,0.99,1,0.99
495,92,24,3018,20220208,0.99,1,0.99
496,92,24,3020,20220208,0.99,1,0.99
497,93,26,3022,20220209,0.99,1,0.99
498,93,26,3024,20220209,0.99,1,0.99
499,93,26,3026,20220209,0.99,1,0.99
500,93,26,3028,20220209,0.99,1,0.99
501,94,30,3032,20220210,0.99,1,0.99
502,94,30,3036,20220210,0.99,1,0.99
503,94,30,3040,20220210,0.99,1,0.99
504,94,30,3044,20220210,0.99,1,0.99
505,94,30,3048,20220210,0.99,1,0.99
506,94,30,3052,20220210,0.99,1,0.99
507,95,36,3058,20220213,0.99,1,0.99
508,95,36,3064,20220213,0.99,1,0.99
509,95,36,3070,20220213,0.99,1,0.99
510,95,36,3076,20220213,0.99,1,0.99
511,95,36,3082,20220213,0.99,1,0.99
512,95,36,3088,20220213,0.99,1,0.99
513,95,36,3094,20220213,0.99,1,0.99
514,95,36,3100,20220213,0.99,1,0.99
515,95,36,3106,20220213,0.99,1,0.99
516,96,45,3115,20220218,0.99,1,0.99
517,96,45,3124,20220218,0.99,1,0.99
518,96,45,3133,20220218,0.99,1,0.99
519,96,45,3142,20220218,0.99,1,0.99
520,96,45,3151,20220218,0.99,1,0.99
521,96,45,3160,20220218,0.99,1,0.99
522,96,45,3169,20220218,1.99,1,1.99
523,96,45,3178,20220218,1.99,1,1.99
524,96,45,3187,20220218,1.99,1,1.99
525,96,45,3196,20220218,1.99,1,1.99
526,96,45,3205,20220218,1.99,1,1.99
527,96,45,3214,20220218,1.99,1,1.99
528,96,45,3223,20220218,1.99,1,1.99
529,96,45,3232,20220218,1.99,1,1.99
530,97,59,3246,20220226,1.99,1,1.99
531,98,1,3247,20220311,1.99,1,1.99
532,98,1,3248,20220311,1.99,1,1.99
533,99,3,3250,20220311,1.99,1,1.99
534,99,3,3252,20220311,1.99,1,1.99
535,100,5,3254,20220312,0.99,1,0.99
536,100,5,3256,20220312,0.99,1,0.99
537,100,5,3258,20220312,0.99,1,0.99
538,100,5,3260,20220312,0.99,1,0.99
539,101,9,3264,20220313,0.99,1,0.99
540,101,9,3268,20220313,0.99,1,0.99
541,101,9,3272,20220313,0.99,1,0.99
542,101,9,3276,20220313,0.99,1,0.99
543,101,9,3280,20220313,0.99,1,0.99
544,101,9,3284,20220313,0.99,1,0.99
545,102,15,3290,20220316,0.99,1,0.99
546,102,15,3296,20220316,0.99,1,0.99
547,102,15,3302,20220316,0.99,1,0.99
548,102,15,3308,20220316,0.99,1,0.99
549,102,15,3314,20220316,0.99,1,0.99
550,102,15,3320,20220316,0.99,1,0.99
551,102,15,3326,20220316,0.99,1,0.99
552,102,15,3332,20220316,0.99,1,0.99
553,102,15,3338,20220316,1.99,1,1.99
554,103,24,3347,20220321,1.99,1,1.99
555,103,24,3356,20220321,0.99,1,0.99
556,103,24,3365,20220321,0.99,1,0.99
557,103,24,3374,20220321,0.99,1,0.99
558,103,24,3383,20220321,0.99,1,0.99
559,103,24,3392,20220321,0.99,1,0.99
560,103,24,3401,20220321,0.99,1,0.99
561,103,24,3410,20220321,0.99,1,0.99
562,103,24,3419,20220321,0.99,1,0.99
563,103,24,3428,20220321,1.99,1,1.99
564,103,24,3437,20220321,0.99,1,0.99
565,103,24,3446,20220321,0.99,1,0.99
566,103,24,3455,20220321,0.99,1,0.99
567,103,24,3464,20220321,0.99,1,0.99
568,104,38,3478,20220329,0.99,1,0.99
569,105,39,3479,20220411,0.99,1,0.99
570,105,39,3480,20220411,0.99,1,0.99
571,106,41,3482,20220411,0.99,1,0.99
572,106,41,3484,20220411,0.99,1,0.99
573,107,43,3486,20220412,0.99,1,0.99
574,107,43,3488,20220412,0.99,1,0.99
575,107,43,3490,20220412,0.99,1,0.99
576,107,43,3492,20220412,0.99,1,0.99
577,108,47,3496,20220413,0.99,1,0.99
578,108,47,3500,20220413,0.99,1,0.99
579,108,47,1,20220413,0.99,1,0.99
580,108,47,5,20220413,0.99,1,0.99
581,108,47,9,20220413,0.99,1,0.99
582,108,47,13,20220413,0.99,1,0.99
583,109,53,19,20220416,0.99,1,0.99
584,109,53,25,20220416,0.99,1,0.99
585,109,53,31,20220416,0.99,1,0.99
586,109,53,37,20220416,0.99,1,0.99
587,109,53,43,20220416,0.99,1,0.99
588,109,53,49,20220416,0.99,1,0.99
589,109,53,55,20220416,0.99,1,0.99
590,109,53,61,20220416,0.99,1,0.99
591,109,53,67,20220416,0.99,1,0.99
592,110,3,76,20220421,0.99,1,0.99
593,110,3,85,20220421,0.99,1,0.99
594,110,3,94,20220421,0.99,1,0.99
595,110,3,103,20220421,0.99,1,0.99
596,110,3,112,20220421,0.99,1,0.99
597,110,3,121,20220421,0.99,1,0.99
598,110,3,130,20220421,0.99,1,0.99
599,110,3,139,20220421,0.99,1,0.99
600,110,3,148,20220421,0.99,1,0.99
601,110,3,157,20220421,0.99,1,0.99
602,110,3,166,20220421,0.99,1,0.99
603,110,3,175,20220421,0.99,1,0.99
604,110,3,184,20220421,0.99,1,0.99
605,110,3,193,20220421,0.99,1,0.99
606,111,17,207,20220429,0.99,1,0.99
607,112,18,208,20220512,0.99,1,0.99
608,112,18,209,20220512,0.99,1,0.99
609,113,20,211,20220512,0.99,1,0.99
610,113,20,213,20220512,0.99,1,0.99
611,114,22,215,20220513,0.99,1,0.99
612,114,22,217,20220513,0.99,1,0.99
613,114,22,219,20220513,0.99,1,0.99
614,114,22,221,20220513,0.99,1,0.99
615,115,26,225,20220514,0.99,1,0.99
616,115,26,229,20220514,0.99,1,0.99
617,115,26,233,20220514,0.99,1,0.99
618,115,26,237,20220514,0.99,1,0.99
619,115,26,241,20220514,0.99,1,0.99
620,115,26,245,20220514,0.99,1,0.99
621,116,32,251,20220517,0.99,1,0.99
622,116,32,257,20220517,0.99,1,0.99
623,116,32,263,20220517,0.99,1,0.99
624,116,32,269,20220517,0.99,1,0.99
625,116,32,275,20220517,0.99,1,0.99
626,116,32,281,20220517,0.99,1,0.99
627,116,32,287,20220517,0.99,1,0.99
628,116,32,293,20220517,0.99,1,0.99
629,116,32,299,20220517,0.99,1,0.99
630,117,41,308,20220522,0.99,1,0.99
631,117,41,317,20220522,0.99,1,0.99
632,117,41,326,20220522,0.99,1,0.99
633,117,41,335,20220522,0.99,1,0.99
634,117,41,344,20220522,0.99,1,0.99
635,117,41,353,20220522,0.99,1,0.99
636,117,41,362,20220522,0.99,1,0.99
637,117,41,371,20220522,0.99,1,0.99
638,117,41,380,20220522,0.99,1,0.99
639,117,41,389,20220522,0.99,1,0.99
640,117,41,398,20220522,0.99,1,0.99
641,117,41,407,20220522,0.99,1,0.99
642,117,41,416,20220522,0.99,1,0.99
643,117,41,425,20220522,0.99,1,0.99
644,118,55,439,20220530,0.99,1,0.99
645,119,56,440,20220612,0.99,1,0.99
646,119,56,441,20220612,0.99,1,0.99
647,120,58,443,20220612,0.99,1,0.99
648,120,58,445,20220612,0.99,1,0.99
649,121,1,447,20220613,0.99,1,0.99
650,121,1,449,20220613,0.99,1,0.99
651,121,1,451,20220613,0.99,1,0.99
652,121,1,453,20220613,0.99,1,0.99
653,122,5,457,20220614,0.99,1,0.99
654,122,5,461,20220614,0.99,1,0.99
655,122,5,465,20220614,0.99,1,0.99
656,122,5,469,20220614,0.99,1,0.99
657,122,5,473,20220614,0.99,1,0.99
658,122,5,477,20220614,0.99,1,0.99
659,123,11,483,20220617,0.99,1,0.99
660,123,11,489,20220617,0.99,1,0.99
661,123,11,495,20220617,0.99,1,0.99
662,123,11,501,20220617,0.99,1,0.99
663,123,11,507,20220617,0.99,1,0.99
664,123,11,513,20220617,0.99,1,0.99
665,123,11,519,20220617,0.99,1,0.99
666,123,11,525,20220617,0.99,1,0.99
667,123,11,531,20220617,0.99,1,0.99
668,124,20,540,20220622,0.99,1,0.99
669,124,20,549,20220622,0.99,1,0.99
670,124,20,558,20220622,0.99,1,0.99
671,124,20,567,20220622,0.99,1,0.99
672,124,20,576,20220622,0.99,1,0.99
673,124,20,585,20220622,0.99,1,0.99
674,124,20,594,20220622,0.99,1,0.99
675,124,20,603,20220622,0.99,1,0.99
676,124,20,612,20220622,0.99,1,0.99
677,124,20,621,20220622,0.99,1,0.99
678,124,20,630,20220622,0.99,1,0.99
679,124,20,639,20220622,0.99,1,0.99
680,124,20,648,20220622,0.99,1,0.99
681,124,20,657,20220622,0.99,1,0.99
682,125,34,671,20220630,0.99,1,0.99
683,126,35,672,20220713,0.99,1,0.99
684,126,35,673,20220713,0.99,1,0.99
685,127,37,675,20220713,0.99,1,0.99
686,127,37,677,20220713,0.99,1,0.99
687,128,39,679,20220714,0.99,1,0.99
688,128,39,681,20220714,0.99,1,0.99
689,128,39,683,20220714,0.99,1,0.99
690,128,39,685,20220714,0.99,1,0.99
691,129,43,689,20220715,0.99,1,0.99
692,129,43,693,20220715,0.99,1,0.99
693,129,43,697,20220715,0.99,1,0.99
694,129,43,701,20220715,0.99,1,0.99
695,129,43,705,20220715,0.99,1,0.99
696,129,43,709,20220715,0.99,1,0.99
697,130,49,715,20220718,0.99,1,0.99
698,130,49,721,20220718,0.99,1,0.99
699,130,49,727,20220718,0.99,1,0.99
700,130,49,733,20220718,0.99,1,0.99
701,130,49,739,20220718,0.99,1,0.99
702,130,49,745,20220718,0.99,1,0.99
703,130,49,751,20220718,0.99,1,0.99
704,130,49,757,20220718,0.99,1,0.99
705,130,49,763,20220718,0.99,1,0.99
706,131,58,772,20220723,0.99,1,0.99
707,131,58,781,20220723,0.99,1,0.99
708,131,58,790,20220723,0.99,1,0.99
709,131,58,799,20220723,0.99,1,0.99
710,131,58,808,20220723,0.99,1,0.99
711,131,58,817,20220723,0.99,1,0.99
712,131,58,826,20220723,0.99,1,0.99
713,131,58,835,20220723,0.99,1,0.99
714,131,58,844,20220723,0.99,1,0.99
715,131,58,853,20220723,0.99,1,0.99
716,131,58,862,20220723,0.99,1,0.99
717,131,58,871,20220723,0.99,1,0.99
718,131,58,880,20220723,0.99,1,0.99
719,131,58,889,20220723,0.99,1,0.99
720,132,13,903,20220731,0.99,1,0.99
721,133,14,904,20220813,0.99,1,0.99
722,133,14,905,20220813,0.99,1,0.99
723,134,16,907,20220813,0.99,1,0.99
724,134,16,909,20220813,0.99,1,0.99
725,135,18,911,20220814,0.99,1,0.99
726,135,18,913,20220814,0.99,1,0.99
727,135,18,915,20220814,0.99,1,0.99
728,135,18,917,20220814,0.99,1,0.99
729,136,22,921,20220815,0.99,1,0.99
730,136,22,925,20220815,0.99,1,0.99
731,136,22,929,20220815,0.99,1,0.99
732,136,22,933,20220815,0.99,1,0.99
733,136,22,937,20220815,0.99,1,0.99
734,136,22,941,20220815,0.99,1,0.99
735,137,28,947,20220818,0.99,1,0.99
736,137,28,953,20220818,0.99,1,0.99
737,137,28,959,20220818,0.99,1,0.99
738,137,28,965,20220818,0.99,1,0.99
739,137,28,971,20220818,0.99,1,0.99
740,137,28,977,20220818,0.99,1,0.99
741,137,28,983,20220818,0.99,1,0.99
742,137,28,989,20220818,0.99,1,0.99
743,137,28,995,20220818,0.99,1,0.99
744,138,37,1004,20220823,0.99,1,0.99
745,138,37,1013,20220823,0.99,1,0.99
746,138,37,1022,20220823,0.99,1,0.99
747,138,37,1031,20220823,0.99,1,0.99
748,138,37,1040,20220823,0.99,1,0.99
749,138,37,1049,20220823,0.99,1,0.99
750,138,37,1058,20220823,0.99,1,0.99
751,138,37,1067,20220823,0.99,1,0.99
752,138,37,1076,20220823,0.99,1,0.99
753,138,37,1085,20220823,0.99,1,0.99
754,138,37,1094,20220823,0.99,1,0.99
755,138,37,1103,20220823,0.99,1,0.99
756,138,37,1112,20220823,0.99,1,0.99
757,138,37,1121,20220823,0.99,1,0.99
758,139,51,1135,20220831,0.99,1,0.99
759,140,52,1136,20220913,0.99,1,0.99
760,140,52,1137,20220913,0.99,1,0.99
761,141,54,1139,20220913,0.99,1,0.99
762,141,54,1141,20220913,0.99,1,0.99
763,142,56,1143,20220914,0.99,1,0.99
764,142,56,1145,20220914,0.99,1,0.99
765,142,56,1147,20220914,0.99,1,0.99
766,142,56,1149,20220914,0.99,1,0.99
767,143,1,1153,20220915,0.99,1,0.99
768,143,1,1157,20220915,0.99,1,0.99
769,143,1,1161,20220915,0.99,1,0.99
770,143,1,1165,20220915,0.99,1,0.99
771,143,1,1169,20220915,0.99,1,0.99
772,143,1,1173,20220915,0.99,1,0.99
773,144,7,1179,20220918,0.99,1,0.99
774,144,7,1185,20220918,0.99,1,0.99
775,144,7,1191,20220918,0.99,1,0.99
776,144,7,1197,20220918,0.99,1,0.99
777,144,7,1203,20220918,0.99,1,0.99
778,144,7,1209,20220918,0.99,1,0.99
779,144,7,1215,20220918,0.99,1,0.99
780,144,7,1221,20220918,0.99,1,0.99
781,144,7,1227,20220918,0.99,1,0.99
782,145,16,1236,20220923,0.99,1,0.99
783,145,16,1245,20220923,0.99,1,0.99
784,145,16,1254,20220923,0.99,1,0.99
785,145,16,1263,20220923,0.99,1,0.99
786,145,16,1272,20220923,0.99,1,0.99
787,145,16,1281,20220923,0.99,1,0.99
788,145,16,1290,20220923,0.99,1,0.99
789,145,16,1299,20220923,0.99,1,0.99
790,145,16,1308,20220923,0.99,1,0.99
791,145,16,1317,20220923,0.99,1,0.99
792,145,16,1326,20220923,0.99,1,0.99
793,145,16,1335,20220923,0.99,1,0.99
794,145,16,1344,20220923,0.99,1,0.99
795,145,16,1353,20220923,0.99,1,0.99
796,146,30,1367,20221001,0.99,1,0.99
797,147,31,1368,20221014,0.99,1,0.99
798,147,31,1369,20221014,0.99,1,0.99
799,148,33,1371,20221014,0.99,1,0.99
800,148,33,1373,20221014,0.99,1,0.99
801,149,35,1375,20221015,0.99,1,0.99
802,149,35,1377,20221015,0.99,1,0.99
803,149,35,1379,20221015,0.99,1,0.99
804,149,35,1381,20221015,0.99,1,0.99
805,150,39,1385,20221016,0.99,1,0.99
806,150,39,1389,20221016,0.99,1,0.99
807,150,39,1393,20221016,0.99,1,0.99
808,150,39,1397,20221016,0.99,1,0.99
809,150,39,1401,20221016,0.99,1,0.99
810,150,39,1405,20221016,0.99,1,0.99
811,151,45,1411,20221019,0.99,1,0.99
812,151,45,1417,20221019,0.99,1,0.99
813,151,45,1423,20221019,0.99,1,0.99
814,151,45,1429,20221019,0.99,1,0.99
815,151,45,1435,20221019,0.99,1,0.99
816,151,45,1441,20221019,0.99,1,0.99
817,151,45,1447,20221019,0.99,1,0.99
818,151,45,1453,20221019,0.99,1,0.99
819,151,45,1459,20221019,0.99,1,0.99
820,152,54,1468,20221024,0.99,1,0.99
821,152,54,1477,20221024,0.99,1,0.99
822,152,54,1486,20221024,0.99,1,0.99
823,152,54,1495,20221024,0.99,1,0.99
824,152,54,1504,20221024,0.99,1,0.99
825,152,54,1513,20221024,0.99,1,0.99
826,152,54,1522,20221024,0.99,1,0.99
827,152,54,1531,20221024,0.99,1,0.99
828,152,54,1540,20221024,0.99,1,0.99
829,152,54,1549,20221024,0.99,1,0.99
830,152,54,1558,20221024,0.99,1,0.99
831,152,54,1567,20221024,0.99,1,0.99
832,152,54,1576,20221024,0.99,1,0.99
833,152,54,1585,20221024,0.99,1,0.99
834,153,9,1599,20221101,0.99,1,0.99
835,154,10,1600,20221114,0.99,1,0.99
836,154,10,1601,20221114,0.99,1,0.99
837,155,12,1603,20221114,0.99,1,0.99
838,155,12,1605,20221114,0.99,1,0.99
839,156,14,1607,20221115,0.99,1,0.99
840,156,14,1609,20221115,0.99,1,0.99
841,156,14,1611,20221115,0.99,1,0.99
842,156,14,1613,20221115,0.99,1,0.99
843,157,18,1617,20221116,0.99,1,0.99
844,157,18,1621,20221116,0.99,1,0.99
845,157,18,1625,20221116,0.99,1,0.99
846,157,18,1629,20221116,0.99,1,0.99
847,157,18,1633,20221116,0.99,1,0.99
848,157,18,1637,20221116,0.99,1,0.99
849,158,24,1643,20221119,0.99,1,0.99
850,158,24,1649,20221119,0.99,1,0.99
851,158,24,1655,20221119,0.99,1,0.99
852,158,24,1661,20221119,0.99,1,0.99
853,158,24,1667,20221119,0.99,1,0.99
854,158,24,1673,20221119,0.99,1,0.99
855,158,24,1679,20221119,0.99,1,0.99
856,158,24,1685,20221119,0.99,1,0.99
857,158,24,1691,20221119,0.99,1,0.99
858,159,33,1700,20221124,0.99,1,0.99
859,159,33,1709,20221124,0.99,1,0.99
860,159,33,1718,20221124,0.99,1,0.99
861,159,33,1727,20221124,0.99,1,0.99
862,159,33,1736,20221124,0.99,1,0.99
863,159,33,1745,20221124,0.99,1,0.99
864,159,33,1754,20221124,0.99,1,0.99
865,159,33,1763,20221124,0.99,1,0.99
866,159,33,1772,20221124,0.99,1,0.99
867,159,33,1781,20221124,0.99,1,0.99
868,159,33,1790,20221124,0.99,1,0.99
869,159,33,1799,20221124,0.99,1,0.99
870,159,33,1808,20221124,0.99,1,0.99
871,159,33,1817,20221124,0.99,1,0.99
872,160,47,1831,20221202,0.99,1,0.99
873,161,48,1832,20221215,0.99,1,0.99
874,161,48,1833,20221215,0.99,1,0.99
875,162,50,1835,20221215,0.99,1,0.99
876,162,50,1837,20221215,0.99,1,0.99
877,163,52,1839,20221216,0.99,1,0.99
878,163,52,1841,20221216,0.99,1,0.99
879,163,52,1843,20221216,0.99,1,0.99
880,163,52,1845,20221216,0.99,1,0.99
881,164,56,1849,20221217,0.99,1,0.99
882,164,56,1853,20221217,0.99,1,0.99
883,164,56,1857,20221217,0.99,1,0.99
884,164,56,1861,20221217,0.99,1,0.99
885,164,56,1865,20221217,0.99,1,0.99
886,164,56,1869,20221217,0.99,1,0.99
887,165,3,1875,20221220,0.99,1,0.99
888,165,3,1881,20221220,0.99,1,0.99
889,165,3,1887,20221220,0.99,1,0.99
890,165,3,1893,20221220,0.99,1,0.99
891,165,3,1899,20221220,0.99,1,0.99
892,165,3,1905,20221220,0.99,1,0.99
893,165,3,1911,20221220,0.99,1,0.99
894,165,3,1917,20221220,0.99,1,0.99
895,165,3,1923,20221220,0.99,1,0.99
896,166,12,1932,20221225,0.99,1,0.99
897,166,12,1941,20221225,0.99,1,0.99
898,166,12,1950,20221225,0.99,1,0.99
899,166,12,1959,20221225,0.99,1,0.99
900,166,12,1968,20221225,0.99,1,0.99
901,166,12,1977,20221225,0.99,1,0.99
902,166,12,1986,20221225,0.99,1,0.99
903,166,12,1995,20221225,0.99,1,0.99
904,166,12,2004,20221225,0.99,1,0.99
905,166,12,2013,20221225,0.99,1,0.99
906,166,12,2022,20221225,0.99,1,0.99
907,166,12,2031,20221225,0.99,1,0.99
908,166,12,2040,20221225,0.99,1,0.99
909,166,12,2049,20221225,0.99,1,0.99
910,167,26,2063,20230102,0.99,1,0.99
911,168,27,2064,20230115,0.99,1,0.99
912,168,27,2065,20230115,0.99,1,0.99
913,169,29,2067,20230115,0.99,1,0.99
914,169,29,2069,20230115,0.99,1,0.99
915,170,31,2071,20230116,0.99,1,0.99
916,170,31,2073,20230116,0.99,1,0.99
917,170,31,2075,20230116,0.99,1,0.99
918,170,31,2077,20230116,0.99,1,0.99
919,171,35,2081,20230117,0.99,1,0.99
920,171,35,2085,20230117,0.99,1,0.99
921,171,35,2089,20230117,0.99,1,0.99
922,171,35,2093,20230117,0.99,1,0.99
923,171,35,2097,20230117,0.99,1,0.99
924,171,35,2101,20230117,0.99,1,0.99
925,172,41,2107,20230120,0.99,1,0.99
926,172,41,2113,20230120,0.99,1,0.99
927,172,41,2119,20230120,0.99,1,0.99
928,172,41,2125,20230120,0.99,1,0.99
929,172,41,2131,20230120,0.99,1,0.99
930,172,41,2137,20230120,0.99,1,0.99
931,172,41,2143,20230120,0.99,1,0.99
932,172,41,2149,20230120,0.99,1,0.99
933,172,41,2155,20230120,0.99,1,0.99
934,173,50,2164,20230125,0.99,1,0.99
935,173,50,2173,20230125,0.99,1,0.99
936,173,50,2182,20230125,0.99,1,0.99
937,173,50,2191,20230125,0.99,1,0.99
938,173,50,2200,20230125,0.99,1,0.99
939,173,50,2209,20230125,0.99,1,0.99
940,173,50,2218,20230125,0.99,1,0.99
941,173,50,2227,20230125,0.99,1,0.99
942,173,50,2236,20230125,0.99,1,0.99
943,173,50,2245,20230125,0.99,1,0.99
944,173,50,2254,20230125,0.99,1,0.99
945,173,50,2263,20230125,0.99,1,0.99
946,173,50,2272,20230125,0.99,1,0.99
947,173,50,2281,20230125,0.99,1,0.99
948,174,5,2295,20230202,0.99,1,0.99
949,175,6,2296,20230215,0.99,1,0.99
950,175,6,2297,20230215,0.99,1,0.99
951,176,8,2299,20230215,0.99,1,0.99
952,176,8,2301,20230215,0.99,1,0.99
953,177,10,2303,20230216,0.99,1,0.99
954,177,10,2305,20230216,0.99,1,0.99
955,177,10,2307,20230216,0.99,1,0.99
956,177,10,2309,20230216,0.99,1,0.99
957,178,14,2313,20230217,0.99,1,0.99
958,178,14,2317,20230217,0.99,1,0.99
959,178,14,2321,20230217,0.99,1,0.99
960,178,14,2325,20230217,0.99,1,0.99
961,178,14,2329,20230217,0.99,1,0.99
962,178,14,2333,20230217,0.99,1,0.99
963,179,20,2339,20230220,0.99,1,0.99
964,179,20,2345,20230220,0.99,1,0.99
965,179,20,2351,20230220,0.99,1,0.99
966,179,20,2357,20230220,0.99,1,0.99
967,179,20,2363,20230220,0.99,1,0.99
968,179,20,2369,20230220,0.99,1,0.99
969,179,20,2375,20230220,0.99,1,0.99
970,179,20,2381,20230220,0.99,1,0.99
971,179,20,2387,20230220,0.99,1,0.99
972,180,29,2396,20230225,0.99,1,0.99
973,180,29,2405,20230225,0.99,1,0.99
974,180,29,2414,20230225,0.99,1,0.99
975,180,29,2423,20230225,0.99,1,0.99
976,180,29,2432,20230225,0.99,1,0.99
977,180,29,2441,20230225,0.99,1,0.99
978,180,29,2450,20230225,0.99,1,0.99
979,180,29,2459,20230225,0.99,1,0.99
980,180,29,2468,20230225,0.99,1,0.99
981,180,29,2477,20230225,0.99,1,0.99
982,180,29,2486,20230225,0.99,1,0.99
983,180,29,2495,20230225,0.99,1,0.99
984,180,29,2504,20230225,0.99,1,0.99
985,180,29,2513,20230225,0.99,1,0.99
986,181,43,2527,20230305,0.99,1,0.99
987,182,44,2528,20230318,0.99,1,0.99
988,182,44,2529,20230318,0.99,1,0.99
989,183,46,2531,20230318,0.99,1,0.99
990,183,46,2533,20230318,0.99,1,0.99
991,184,48,2535,20230319,0.99,1,0.99
992,184,48,2537,20230319,0.99,1,0.99
993,184,48,2539,20230319,0.99,1,0.99
994,184,48,2541,20230319,0.99,1,0.99
995,185,52,2545,20230320,0.99,1,0.99
996,185,52,2549,20230320,0.99,1,0.99
997,185,52,2553,20230320,0.99,1,0.99
998,185,52,2557,20230320,0.99,1,0.99
999,185,52,2561,20230320,0.99,1,0.99
1000,185,52,2565,20230320,0.99,1,0.99
1001,186,58,2571,20230323,0.99,1,0.99
1002,186,58,2577,20230323,0.99,1,0.99
1003,186,58,2583,20230323,0.99,1,0.99
1004,186,58,2589,20230323,0.99,1,0.99
1005,186,58,2595,20230323,0.99,1,0.99
1006,186,58,2601,20230323,0.99,1,0.99
1007,186,58,2607,20230323,0.99,1,0.99
1008,186,58,2613,20230323,0.99,1,0.99
1009,186,58,2619,20230323,0.99,1,0.99
1010,187,8,2628,20230328,0.99,1,0.99
1011,187,8,2637,20230328,0.99,1,0.99
1012,187,8,2646,20230328,0.99,1,0.99
1013,187,8,2655,20230328,0.99,1,0.99
1014,187,8,2664,20230328,0.99,1,0.99
1015,187,8,2673,20230328,0.99,1,0.99
1016,187,8,2682,20230328,0.99,1,0.99
1017,187,8,2691,20230328,0.99,1,0.99
1018,187,8,2700,20230328,0.99,1,0.99
1019,187,8,2709,20230328,0.99,1,0.99
1020,187,8,2718,20230328,0.99,1,0.99
1021,187,8,2727,20230328,0.99,1,0.99
1022,187,8,2736,20230328,0.99,1,0.99
1023,187,8,2745,20230328,0.99,1,0.99
1024,188,22,2759,20230405,0.99,1,0.99
1025,189,23,2760,20230418,0.99,1,0.99
1026,189,23,2761,20230418,0.99,1,0.99
1027,190,25,2763,20230418,0.99,1,0.99
1028,190,25,2765,20230418,0.99,1,0.99
1029,191,27,2767,20230419,0.99,1,0.99
1030,191,27,2769,20230419,0.99,1,0.99
1031,191,27,2771,20230419,0.99,1,0.99
1032,191,27,2773,20230419,0.99,1,0.99
1033,192,31,2777,20230420,0.99,1,0.99
1034,192,31,2781,20230420,0.99,1,0.99
1035,192,31,2785,20230420,0.99,1,0.99
1036,192,31,2789,20230420,0.99,1,0.99
1037,192,31,2793,20230420,0.99,1,0.99
1038,192,31,2797,20230420,0.99,1,0.99
1039,193,37,2803,20230423,0.99,1,0.99
1040,193,37,2809,20230423,0.99,1,0.99
1041,193,37,2815,20230423,0.99,1,0.99
1042,193,37,2821,20230423,1.99,1,1.99
1043,193,37,2827,20230423,1.99,1,1.99
1044,193,37,2833,20230423,1.99,1,1.99
1045,193,37,2839,20230423,1.99,1,1.99
1046,193,37,2845,20230423,1.99,1,1.99
1047,193,37,2851,20230423,1.99,1,1.99
1048,194,46,2860,20230428,1.99,1,1.99
1049,194,46,2869,20230428,1.99,1,1.99
1050,194,46,2878,20230428,1.99,1,1.99
1051,194,46,2887,20230428,1.99,1,1.99
1052,194,46,2896,20230428,1.99,1,1.99
1053,194,46,2905,20230428,1.99,1,1.99
1054,194,46,2914,20230428,1.99,1,1.99
1055,194,46,2923,20230428,1.99,1,1.99
1056,194,46,2932,20230428,0.99,1,0.99
1057,194,46,2941,20230428,0.99,1,0.99
1058,194,46,2950,20230428,0.99,1,0.99
1059,194,46,2959,20230428,0.99,1,0.99
1060,194,46,2968,20230428,0.99,1,0.99
1061,194,46,2977,20230428,0.99,1,0.99
1062,195,1,2991,20230506,0.99,1,0.99
1063,196,2,2992,20230519,0.99,1,0.99
1064,196,2,2993,20230519,0.99,1,0.99
1065,197,4,2995,20230519,0.99,1,0.99
1066,197,4,2997,20230519,0.99,1,0.99
1067,198,6,2999,20230520,0.99,1,0.99
1068,198,6,3001,20230520,0.99,1,0.99
1069,198,6,3003,20230520,0.99,1,0.99
1070,198,6,3005,20230520,0.99,1,0.99
1071,199,10,3009,20230521,0.99,1,0.99
1072,199,10,3013,20230521,0.99,1,0.99
1073,199,10,3017,20230521,0.99,1,0.99
1074,199,10,3021,20230521,0.99,1,0.99
1075,199,10,3025,20230521,0.99,1,0.99
1076,199,10,3029,20230521,0.99,1,0.99
1077,200,16,3035,20230524,0.99,1,0.99
1078,200,16,3041,20230524,0.99,1,0.99
1079,200,16,3047,20230524,0.99,1,0.99
1080,200,16,3053,20230524,0.99,1,0.99
1081,200,16,3059,20230524,0.99,1,0.99
1082,200,16,3065,20230524,0.99,1,0.99
1083,200,16,3071,20230524,0.99,1,0.99
1084,200,16,3077,20230524,0.99,1,0.99
1085,200,16,3083,20230524,0.99,1,0.99
1086,201,25,3092,20230529,0.99,1,0.99
1087,201,25,3101,20230529,0.99,1,0.99
1088,201,25,3110,20230529,0.99,1,0.99
1089,201,25,3119,20230529,0.99,1,0.99
1090,201,25,3128,20230529,0.99,1,0.99
1091,201,25,3137,20230529,0.99,1,0.99
1092,201,25,3146,20230529,0.99,1,0.99
1093,201,25,3155,20230529,0.99,1,0.99
1094,201,25,3164,20230529,0.99,1,0.99
1095,201,25,3173,20230529,1.99,1,1.99
1096,201,25,3182,20230529,1.99,1,1.99
1097,201,25,3191,20230529,1.99,1,1.99
1098,201,25,3200,20230529,1.99,1,1.99
1099,201,25,3209,20230529,1.99,1,1.99
1100,202,39,3223,20230606,1.99,1,1.99
1101,203,40,3224,20230619,1.99,1,1.99
1102,203,40,3225,20230619,0.99,1,0.99
1103,204,42,3227,20230619,1.99,1,1.99
1104,204,42,3229,20230619,1.99,1,1.99
1105,205,44,3231,20230620,1.99,1,1.99
1106,205,44,3233,20230620,1.99,1,1.99
1107,205,44,3235,20230620,1.99,1,1.99
1108,205,44,3237,20230620,1.99,1,1.99
1109,206,48,3241,20230621,1.99,1,1.99
1110,206,48,3245,20230621,1.99,1,1.99
1111,206,48,3249,20230621,1.99,1,1.99
1112,206,48,3253,20230621,0.99,1,0.99
1113,206,48,3257,20230621,0.99,1,0.99
1114,206,48,3261,20230621,0.99,1,0.99
1115,207,54,3267,20230624,0.99,1,0.99
1116,207,54,3273,20230624,0.99,1,0.99
1117,207,54,3279,20230624,0.99,1,0.99
1118,207,54,3285,20230624,0.99,1,0.99
1119,207,54,3291,20230624,0.99,1,0.99
1120,207,54,3297,20230624,0.99,1,0.99
1121,207,54,3303,20230624,0.99,1,0.99
1122,207,54,3309,20230624,0.99,1,0.99
1123,207,54,3315,20230624,0.99,1,0.99
1124,208,4,3324,20230629,0.99,1,0.99
1125,208,4,3333,20230629,0.99,1,0.99
1126,208,4,3342,20230629,1.99,1,1.99
1127,208,4,3351,20230629,0.99,1,0.99
1128,208,4,3360,20230629,1.99,1,1.99
1129,208,4,3369,20230629,0.99,1,0.99
1130,208,4,3378,20230629,0.99,1,0.99
1131,208,4,3387,20230629,0.99,1,0.99
1132,208,4,3396,20230629,0.99,1,0.99
1133,208,4,3405,20230629,0.99,1,0.99
1134,208,4,3414,20230629,0.99,1,0.99
1135,208,4,3423,20230629,0.99,1,0.99
1136,208,4,3432,20230629,0.99,1,0.99
1137,208,4,3441,20230629,0.99,1,0.99
1138,209,18,3455,20230707,0.99,1,0.99
1139,210,19,3456,20230720,0.99,1,0.99
1140,210,19,3457,20230720,0.99,1,0.99
1141,211,21,3459,20230720,0.99,1,0.99
1142,211,21,3461,20230720,0.99,1,0.99
1143,212,23,3463,20230721,0.99,1,0.99
1144,212,23,3465,20230721,0.99,1,0.99
1145,212,23,3467,20230721,0.99,1,0.99
1146,212,23,3469,20230721,0.99,1,0.99
1147,213,27,3473,20230722,0.99,1,0.99
1148,213,27,3477,20230722,0.99,1,0.99
1149,213,27,3481,20230722,0.99,1,0.99
1150,213,27,3485,20230722,0.99,1,0.99
1151,213,27,3489,20230722,0.99,1,0.99
1152,213,27,3493,20230722,0.99,1,0.99
1153,214,33,3499,20230725,0.99,1,0.99
1154,214,33,2,20230725,0.99,1,0.99
1155,214,33,8,20230725,0.99,1,0.99
1156,214,33,14,20230725,0.99,1,0.99
1157,214,33,20,20230725,0.99,1,0.99
1158,214,33,26,20230725,0.99,1,0.99
1159,214,33,32,20230725,0.99,1,0.99
1160,214,33,38,20230725,0.99,1,0.99
1161,214,33,44,20230725,0.99,1,0.99
1162,215,42,53,20230730,0.99,1,0.99
1163,215,42,62,20230730,0.99,1,0.99
1164,215,42,71,20230730,0.99,1,0.99
1165,215,42,80,20230730,0.99,1,0.99
1166,215,42,89,20230730,0.99,1,0.99
1167,215,42,98,20230730,0.99,1,0.99
1168,215,42,107,20230730,0.99,1,0.99
1169,215,42,116,20230730,0.99,1,0.99
1170,215,42,125,20230730,0.99,1,0.99
1171,215,42,134,20230730,0.99,1,0.99
1172,215,42,143,20230730,0.99,1,0.99
1173,215,42,152,20230730,0.99,1,0.99
1174,215,42,161,20230730,0.99,1,0.99
1175,215,42,170,20230730,0.99,1,0.99
1176,216,56,184,20230807,0.99,1,0.99
1177,217,57,185,20230820,0.99,1,0.99
1178,217,57,186,20230820,0.99,1,0.99
1179,218,59,188,20230820,0.99,1,0.99
1180,218,59,190,20230820,0.99,1,0.99
1181,219,2,192,20230821,0.99,1,0.99
1182,219,2,194,20230821,0.99,1,0.99
1183,219,2,196,20230821,0.99,1,0.99
1184,219,2,198,20230821,0.99,1,0.99
1185,220,6,202,20230822,0.99,1,0.99
1186,220,6,206,20230822,0.99,1,0.99
1187,220,6,210,20230822,0.99,1,0.99
1188,220,6,214,20230822,0.99,1,0.99
1189,220,6,218,20230822,0.99,1,0.99
1190,220,6,222,20230822,0.99,1,0.99
1191,221,12,228,20230825,0.99,1,0.99
1192,221,12,234,20230825,0.99,1,0.99
1193,221,12,240,20230825,0.99,1,0.99
1194,221,12,246,20230825,0.99,1,0.99
1195,221,12,252,20230825,0.99,1,0.99
1196,221,12,258,20230825,0.99,1,0.99
1197,221,12,264,20230825,0.99,1,0.99
1198,221,12,270,20230825,0.99,1,0.99
1199,221,12,276,20230825,0.99,1,0.99
1200,222,21,285,20230830,0.99,1,0.99
1201,222,21,294,20230830,0.99,1,0.99
1202,222,21,303,20230830,0.99,1,0.99
1203,222,21,312,20230830,0.99,1,0.99
1204,222,21,321,20230830,0.99,1,0.99
1205,222,21,330,20230830,0.99,1,0.99
1206,222,21,339,20230830,0.99,1,0.99
1207,222,21,348,20230830,0.99,1,0.99
1208,222,21,357,20230830,0.99,1,0.99
1209,222,21,366,20230830,0.99,1,0.99
1210,222,21,375,20230830,0.99,1,0.99
1211,222,21,384,20230830,0.99,1,0.99
1212,222,21,393,20230830,0.99,1,0.99
1213,222,21,402,20230830,0.99,1,0.99
1214,223,35,416,20230907,0.99,1,0.99
1215,224,36,417,20230920,0.99,1,0.99
1216,224,36,418,20230920,0.99,1,0.99
1217,225,38,420,20230920,0.99,1,0.99
1218,225,38,422,20230920,0.99,1,0.99
1219,226,40,424,20230921,0.99,1,0.99
1220,226,40,426,20230921,0.99,1,0.99
1221,226,40,428,20230921,0.99,1,0.99
1222,226,40,430,20230921,0.99,1,0.99
1223,227,44,434,20230922,0.99,1,0.99
1224,227,44,438,20230922,0.99,1,0.99
1225,227,44,442,20230922,0.99,1,0.99
1226,227,44,446,20230922,0.99,1,0.99
1227,227,44,450,20230922,0.99,1,0.99
1228,227,44,454,20230922,0.99,1,0.99
1229,228,50,460,20230925,0.99,1,0.99
1230,228,50,466,20230925,0.99,1,0.99
1231,228,50,472,20230925,0.99,1,0.99
1232,228,50,478,20230925,0.99,1,0.99
1233,228,50,484,20230925,0.99,1,0.99
1234,228,50,490,20230925,0.99,1,0.99
1235,228,50,496,20230925,0.99,1,0.99
1236,228,50,502,20230925,0.99,1,0.99
1237,228,50,508,20230925,0.99,1,0.99
1238,229,59,517,20230930,0.99,1,0.99
1239,229,59,526,20230930,0.99,1,0.99
1240,229,59,535,20230930,0.99,1,0.99
1241,229,59,544,20230930,0.99,1,0.99
1242,229,59,553,20230930,0.99,1,0.99
1243,229,59,562,20230930,0.99,1,0.99
1244,229,59,571,20230930,0.99,1,0.99
1245,229,59,580,20230930,0.99,1,0.99
1246,229,59,589,20230930,0.99,1,0.99
1247,229,59,598,20230930,0.99,1,0.99
1248,229,59,607,20230930,0.99,1,0.99
1249,229,59,616,20230930,0.99,1,0.99
1250,229,59,625,20230930,0.99,1,0.99
1251,229,59,634,20230930,0.99,1,0.99
1252,230,14,648,20231008,0.99,1,0.99
1253,231,15,649,20231021,0.99,1,0.99
1254,231,15,650,20231021,0.99,1,0.99
1255,232,17,652,20231021,0.99,1,0.99
1256,232,17,654,20231021,0.99,1,0.99
1257,233,19,656,20231022,0.99,1,0.99
1258,233,19,658,20231022,0.99,1,0.99
1259,233,19,660,20231022,0.99,1,0.99
1260,233,19,662,20231022,0.99,1,0.99
1261,234,23,666,20231023,0.99,1,0.99
1262,234,23,670,20231023,0.99,1,0.99
1263,234,23,674,20231023,0.99,1,0.99
1264,234,23,678,20231023,0.99,1,0.99
1265,234,23,682,20231023,0.99,1,0.99
1266,234,23,686,20231023,0.99,1,0.99
1267,235,29,692,20231026,0.99,1,0.99
1268,235,29,698,20231026,0.99,1,0.99
1269,235,29,704,20231026,0.99,1,0.99
1270,235,29,710,20231026,0.99,1,0.99
1271,235,29,716,20231026,0.99,1,0.99
1272,235,29,722,20231026,0.99,1,0.99
1273,235,29,728,20231026,0.99,1,0.99
1274,235,29,734,20231026,0.99,1,0.99
1275,235,29,740,20231026,0.99,1,0.99
1276,236,38,749,20231031,0.99,1,0.99
1277,236,38,758,20231031,0.99,1,0.99
1278,236,38,767,20231031,0.99,1,0.99
1279,236,38,776,20231031,0.99,1,0.99
1280,236,38,785,20231031,0.99,1,0.99
1281,236,38,794,20231031,0.99,1,0.99
1282,236,38,803,20231031,0.99,1,0.99
1283,236,38,812,20231031,0.99,1,0.99
1284,236,38,821,20231031,0.99,1,0.99
1285,236,38,830,20231031,0.99,1,0.99
1286,236,38,839,20231031,0.99,1,0.99
1287,236,38,848,20231031,0.99,1,0.99
1288,236,38,857,20231031,0.99,1,0.99
1289,236,38,866,20231031,0.99,1,0.99
1290,237,52,880,20231108,0.99,1,0.99
1291,238,53,881,20231121,0.99,1,0.99
1292,238,53,882,20231121,0.99,1,0.99
1293,239,55,884,20231121,0.99,1,0.99
1294,239,55,886,20231121,0.99,1,0.99
1295,240,57,888,20231122,0.99,1,0.99
1296,240,57,890,20231122,0.99,1,0.99
1297,240,57,892,20231122,0.99,1,0.99
1298,240,57,894,20231122,0.99,1,0.99
1299,241,2,898,20231123,0.99,1,0.99
1300,241,2,902,20231123,0.99,1,0.99
1301,241,2,906,20231123,0.99,1,0.99
1302,241,2,910,20231123,0.99,1,0.99
1303,241,2,914,20231123,0.99,1,0.99
1304,241,2,918,20231123,0.99,1,0.99
1305,242,8,924,20231126,0.99,1,0.99
1306,242,8,930,20231126,0.99,1,0.99
1307,242,8,936,20231126,0.99,1,0.99
1308,242,8,942,20231126,0.99,1,0.99
1309,242,8,948,20231126,0.99,1,0.99
1310,242,8,954,20231126,0.99,1,0.99
1311,242,8,960,20231126,0.99,1,0.99
1312,242,8,966,20231126,0.99,1,0.99
1313,242,8,972,20231126,0.99,1,0.99
1314,243,17,981,20231201,0.99,1,0.99
1315,243,17,990,20231201,0.99,1,0.99
1316,243,17,999,20231201,0.99,1,0.99
1317,243,17,1008,20231201,0.99,1,0.99
1318,243,17,1017,20231201,0.99,1,0.99
1319,243,17,1026,20231201,0.99,1,0.99
1320,243,17,1035,20231201,0.99,1,0.99
1321,243,17,1044,20231201,0.99,1,0.99
1322,243,17,1053,20231201,0.99,1,0.99
1323,243,17,1062,20231201,0.99,1,0.99
1324,243,17,1071,20231201,0.99,1,0.99
1325,243,17,1080,20231201,0.99,1,0.99
1326,243,17,1089,20231201,0.99,1,0.99
1327,243,17,1098,20231201,0.99,1,0.99
1328,244,31,1112,20231209,0.99,1,0.99
1329,245,32,1113,20231222,0.99,1,0.99
1330,245,32,1114,20231222,0.99,1,0.99
1331,246,34,1116,20231222,0.99,1,0.99
1332,246,34,1118,20231222,0.99,1,0.99
1333,247,36,1120,20231223,0.99,1,0.99
1334,247,36,1122,20231223,0.99,1,0.99
1335,247,36,1124,20231223,0.99,1,0.99
1336,247,36,1126,20231223,0.99,1,0.99
1337,248,40,1130,20231224,0.99,1,0.99
1338,248,40,1134,20231224,0.99,1,0.99
1339,248,40,1138,20231224,0.99,1,0.99
1340,248,40,1142,20231224,0.99,1,0.99
1341,248,40,1146,20231224,0.99,1,0.99
1342,248,40,1150,20231224,0.99,1,0.99
1343,249,46,1156,20231227,0.99,1,0.99
1344,249,46,1162,20231227,0.99,1,0.99
1345,249,46,1168,20231227,0.99,1,0.99
1346,249,46,1174,20231227,0.99,1,0.99
1347,249,46,1180,20231227,0.99,1,0.99
1348,249,46,1186,20231227,0.99,1,0.99
1349,249,46,1192,20231227,0.99,1,0.99
1350,249,46,1198,20231227,0.99,1,0.99
1351,249,46,1204,20231227,0.99,1,0.99
1352,250,55,1213,20240101,0.99,1,0.99
1353,250,55,1222,20240101,0.99,1,0.99
1354,250,55,1231,20240101,0.99,1,0.99
1355,250,55,1240,20240101,0.99,1,0.99
1356,250,55,1249,20240101,0.99,1,0.99
1357,250,55,1258,20240101,0.99,1,0.99
1358,250,55,1267,20240101,0.99,1,0.99
1359,250,55,1276,20240101,0.99,1,0.99
1360,250,55,1285,20240101,0.99,1,0.99
1361,250,55,1294,20240101,0.99,1,0.99
1362,250,55,1303,20240101,0.99,1,0.99
1363,250,55,1312,20240101,0.99,1,0.99
1364,250,55,1321,20240101,0.99,1,0.99
1365,250,55,1330,20240101,0.99,1,0.99
1366,251,10,1344,20240109,0.99,1,0.99
1367,252,11,1345,20240122,0.99,1,0.99
1368,252,11,1346,20240122,0.99,1,0.99
1369,253,13,1348,20240122,0.99,1,0.99
1370,253,13,1350,20240122,0.99,1,0.99
1371,254,15,1352,20240123,0.99,1,0.99
1372,254,15,1354,20240123,0.99,1,0.99
1373,254,15,1356,20240123,0.99,1,0.99
1374,254,15,1358,20240123,0.99,1,0.99
1375,255,19,1362,20240124,0.99,1,0.99
1376,255,19,1366,20240124,0.99,1,0.99
1377,255,19,1370,20240124,0.99,1,0.99
1378,255,19,1374,20240124,0.99,1,0.99
1379,255,19,1378,20240124,0.99,1,0.99
1380,255,19,1382,20240124,0.99,1,0.99
1381,256,25,1388,20240127,0.99,1,0.99
1382,256,25,1394,20240127,0.99,1,0.99
1383,256,25,1400,20240127,0.99,1,0.99
1384,256,25,1406,20240127,0.99,1,0.99
1385,256,25,1412,20240127,0.99,1,0.99
1386,256,25,1418,20240127,0.99,1,0.99
1387,256,25,1424,20240127,0.99,1,0.99
1388,256,25,1430,20240127,0.99,1,0.99
1389,256,25,1436,20240127,0.99,1,0.99
1390,257,34,1445,20240201,0.99,1,0.99
1391,257,34,1454,20240201,0.99,1,0.99
1392,257,34,1463,20240201,0.99,1,0.99
1393,257,34,1472,20240201,0.99,1,0.99
1394,257,34,1481,20240201,0.99,1,0.99
1395,257,34,1490,20240201,0.99,1,0.99
1396,257,34,1499,20240201,0.99,1,0.99
1397,257,34,1508,20240201,0.99,1,0.99
1398,257,34,1517,20240201,0.99,1,0.99
1399,257,34,1526,20240201,0.99,1,0.99
1400,257,34,1535,20240201,0.99,1,0.99
1401,257,34,1544,20240201,0.99,1,0.99
1402,257,34,1553,20240201,0.99,1,0.99
1403,257,34,1562,20240201,0.99,1,0.99
1404,258,48,1576,20240209,0.99,1,0.99
1405,259,49,1577,20240222,0.99,1,0.99
1406,259,49,1578,20240222,0.99,1,0.99
1407,260,51,1580,20240222,0.99,1,0.99
1408,260,51,1582,20240222,0.99,1,0.99
1409,261,53,1584,20240223,0.99,1,0.99
1410,261,53,1586,20240223,0.99,1,0.99
1411,261,53,1588,20240223,0.99,1,0.99
1412,261,53,1590,20240223,0.99,1,0.99
1413,262,57,1594,20240224,0.99,1,0.99
1414,262,57,1598,20240224,0.99,1,0.99
1415,262,57,1602,20240224,0.99,1,0.99
1416,262,57,1606,20240224,0.99,1,0.99
1417,262,57,1610,20240224,0.99,1,0.99
1418,262,57,1614,20240224,0.99,1,0.99
1419,263,4,1620,20240227,0.99,1,0.99
1420,263,4,1626,20240227,0.99,1,0.99
1421,263,4,1632,20240227,0.99,1,0.99
1422,263,4,1638,20240227,0.99,1,0.99
1423,263,4,1644,20240227,0.99,1,0.99
1424,263,4,1650,20240227,0.99,1,0.99
1425,263,4,1656,20240227,0.99,1,0.99
1426,263,4,1662,20240227,0.99,1,0.99
1427,263,4,1668,20240227,0.99,1,0.99
1428,264,13,1677,20240303,0.99,1,0.99
1429,264,13,1686,20240303,0.99,1,0.99
1430,264,13,1695,20240303,0.99,1,0.99
1431,264,13,1704,20240303,0.99,1,0.99
1432,264,13,1713,20240303,0.99,1,0.99
1433,264,13,1722,20240303,0.99,1,0.99
1434,264,13,1731,20240303,0.99,1,0.99
1435,264,13,1740,20240303,0.99,1,0.99
1436,264,13,1749,20240303,0.99,1,0.99
1437,264,13,1758,20240303,0.99,1,0.99
1438,264,13,1767,20240303,0.99,1,0.99
1439,264,13,1776,20240303,0.99,1,0.99
1440,264,13,1785,20240303,0.99,1,0.99
1441,264,13,1794,20240303,0.99,1,0.99
1442,265,27,1808,20240311,0.99,1,0.99
1443,266,28,1809,20240324,0.99,1,0.99
1444,266,28,1810,20240324,0.99,1,0.99
1445,267,30,1812,20240324,0.99,1,0.99
1446,267,30,1814,20240324,0.99,1,0.99
1447,268,32,1816,20240325,0.99,1,0.99
1448,268,32,1818,20240325,0.99,1,0.99
1449,268,32,1820,20240325,0.99,1,0.99
1450,268,32,1822,20240325,0.99,1,0.99
1451,269,36,1826,20240326,0.99,1,0.99
1452,269,36,1830,20240326,0.99,1,0.99
1453,269,36,1834,20240326,0.99,1,0.99
1454,269,36,1838,20240326,0.99,1,0.99
1455,269,36,1842,20240326,0.99,1,0.99
1456,269,36,1846,20240326,0.99,1,0.99
1457,270,42,1852,20240329,0.99,1,0.99
1458,270,42,1858,20240329,0.99,1,0.99
1459,270,42,1864,20240329,0.99,1,0.99
1460,270,42,1870,20240329,0.99,1,0.99
1461,270,42,1876,20240329,0.99,1,0.99
1462,270,42,1882,20240329,0.99,1,0.99
1463,270,42,1888,20240329,0.99,1,0.99
1464,270,42,1894,20240329,0.99,1,0.99
1465,270,42,1900,20240329,0.99,1,0.99
1466,271,51,1909,20240403,0.99,1,0.99
1467,271,51,1918,20240403,0.99,1,0.99
1468,271,51,1927,20240403,0.99,1,0.99
1469,271,51,1936,20240403,0.99,1,0.99
1470,271,51,1945,20240403,0.99,1,0.99
1471,271,51,1954,20240403,0.99,1,0.99
1472,271,51,1963,20240403,0.99,1,0.99
1473,271,51,1972,20240403,0.99,1,0.99
1474,271,51,1981,20240403,0.99,1,0.99
1475,271,51,1990,20240403,0.99,1,0.99
1476,271,51,1999,20240403,0.99,1,0.99
1477,271,51,2008,20240403,0.99,1,0.99
1478,271,51,2017,20240403,0.99,1,0.99
1479,271,51,2026,20240403,0.99,1,0.99
1480,272,6,2040,20240411,0.99,1,0.99
1481,273,7,2041,20240424,0.99,1,0.99
1482,273,7,2042,20240424,0.99,1,0.99
1483,274,9,2044,20240424,0.99,1,0.99
1484,274,9,2046,20240424,0.99,1,0.99
1485,275,11,2048,20240425,0.99,1,0.99
1486,275,11,2050,20240425,0.99,1,0.99
1487,275,11,2052,20240425,0.99,1,0.99
1488,275,11,2054,20240425,0.99,1,0.99
1489,276,15,2058,20240426,0.99,1,0.99
1490,276,15,2062,20240426,0.99,1,0.99
1491,276,15,2066,20240426,0.99,1,0.99
1492,276,15,2070,20240426,0.99,1,0.99
1493,276,15,2074,20240426,0.99,1,0.99
1494,276,15,2078,20240426,0.99,1,0.99
1495,277,21,2084,20240429,0.99,1,0.99
1496,277,21,2090,20240429,0.99,1,0.99
1497,277,21,2096,20240429,0.99,1,0.99
1498,277,21,2102,20240429,0.99,1,0.99
1499,277,21,2108,20240429,0.99,1,0.99
1500,277,21,2114,20240429,0.99,1,0.99
1501,277,21,2120,20240429,0.99,1,0.99
1502,277,21,2126,20240429,0.99,1,0.99
1503,277,21,2132,20240429,0.99,1,0.99
1504,278,30,2141,20240504,0.99,1,0.99
1505,278,30,2150,20240504,0.99,1,0.99
1506,278,30,2159,20240504,0.99,1,0.99
1507,278,30,2168,20240504,0.99,1,0.99
1508,278,30,2177,20240504,0.99,1,0.99
1509,278,30,2186,20240504,0.99,1,0.99
1510,278,30,2195,20240504,0.99,1,0.99
1511,278,30,2204,20240504,0.99,1,0.99
1512,278,30,2213,20240504,0.99,1,0.99
1513,278,30,2222,20240504,0.99,1,0.99
1514,278,30,2231,20240504,0.99,1,0.99
1515,278,30,2240,20240504,0.99,1,0.99
1516,278,30,2249,20240504,0.99,1,0.99
1517,278,30,2258,20240504,0.99,1,0.99
1518,279,44,2272,20240512,0.99,1,0.99
1519,280,45,2273,20240525,0.99,1,0.99
1520,280,45,2274,20240525,0.99,1,0.99
1521,281,47,2276,20240525,0.99,1,0.99
1522,281,47,2278,20240525,0.99,1,0.99
1523,282,49,2280,20240526,0.99,1,0.99
1524,282,49,2282,20240526,0.99,1,0.99
1525,282,49,2284,20240526,0.99,1,0.99
1526,282,49,2286,20240526,0.99,1,0.99
1527,283,53,2290,20240527,0.99,1,0.99
1528,283,53,2294,20240527,0.99,1,0.99
1529,283,53,2298,20240527,0.99,1,0.99
1530,283,53,2302,20240527,0.99,1,0.99
1531,283,53,2306,20240527,0.99,1,0.99
1532,283,53,2310,20240527,0.99,1,0.99
1533,284,59,2316,20240530,0.99,1,0.99
1534,284,59,2322,20240530,0.99,1,0.99
1535,284,59,2328,20240530,0.99,1,0.99
1536,284,59,2334,20240530,0.99,1,0.99
1537,284,59,2340,20240530,0.99,1,0.99
1538,284,59,2346,20240530,0.99,1,0.99
1539,284,59,2352,20240530,0.99,1,0.99
1540,284,59,2358,20240530,0.99,1,0.99
1541,284,59,2364,20240530,0.99,1,0.99
1542,285,9,2373,20240604,0.99,1,0.99
1543,285,9,2382,20240604,0.99,1,0.99
1544,285,9,2391,20240604,0.99,1,0.99
1545,285,9,2400,20240604,0.99,1,0.99
1546,285,9,2409,20240604,0.99,1,0.99
1547,285,9,2418,20240604,0.99,1,0.99
1548,285,9,2427,20240604,0.99,1,0.99
1549,285,9,2436,20240604,0.99,1,0.99
1550,285,9,2445,20240604,0.99,1,0.99
1551,285,9,2454,20240604,0.99,1,0.99
1552,285,9,2463,20240604,0.99,1,0.99
1553,285,9,2472,20240604,0.99,1,0.99
1554,285,9,2481,20240604,0.99,1,0.99
1555,285,9,2490,20240604,0.99,1,0.99
1556,286,23,2504,20240612,0.99,1,0.99
1557,287,24,2505,20240625,0.99,1,0.99
1558,287,24,2506,20240625,0.99,1,0.99
1559,288,26,2508,20240625,0.99,1,0.99
1560,288,26,2510,20240625,0.99,1,0.99
1561,289,28,2512,20240626,0.99,1,0.99
1562,289,28,2514,20240626,0.99,1,0.99
1563,289,28,2516,20240626,0.99,1,0.99
1564,289,28,2518,20240626,0.99,1,0.99
1565,290,32,2522,20240627,0.99,1,0.99
1566,290,32,2526,20240627,0.99,1,0.99
1567,290,32,2530,20240627,0.99,1,0.99
1568,290,32,2534,20240627,0.99,1,0.99
1569,290,32,2538,20240627,0.99,1,0.99
1570,290,32,2542,20240627,0.99,1,0.99
1571,291,38,2548,20240630,0.99,1,0.99
1572,291,38,2554,20240630,0.99,1,0.99
1573,291,38,2560,20240630,0.99,1,0.99
1574,291,38,2566,20240630,0.99,1,0.99
1575,291,38,2572,20240630,0.99,1,0.99
1576,291,38,2578,20240630,0.99,1,0.99
1577,291,38,2584,20240630,0.99,1,0.99
1578,291,38,2590,20240630,0.99,1,0.99
1579,291,38,2596,20240630,0.99,1,0.99
1580,292,47,2605,20240705,0.99,1,0.99
1581,292,47,2614,20240705,0.99,1,0.99
1582,292,47,2623,20240705,0.99,1,0.99
1583,292,47,2632,20240705,0.99,1,0.99
1584,292,47,2641,20240705,0.99,1,0.99
1585,292,47,2650,20240705,0.99,1,0.99
1586,292,47,2659,20240705,0.99,1,0.99
1587,292,47,2668,20240705,0.99,1,0.99
1588,292,47,2677,20240705,0.99,1,0.99
1589,292,47,2686,20240705,0.99,1,0.99
1590,292,47,2695,20240705,0.99,1,0.99
1591,292,47,2704,20240705,0.99,1,0.99
1592,292,47,2713,20240705,0.99,1,0.99
1593,292,47,2722,20240705,0.99,1,0.99
1594,293,2,2736,20240713,0.99,1,0.99
1595,294,3,2737,20240726,0.99,1,0.99
1596,294,3,2738,20240726,0.99,1,0.99
1597,295,5,2740,20240726,0.99,1,0.99
1598,295,5,2742,20240726,0.99,1,0.99
1599,296,7,2744,20240727,0.99,1,0.99
1600,296,7,2746,20240727,0.99,1,0.99
1601,296,7,2748,20240727,0.99,1,0.99
1602,296,7,2750,20240727,0.99,1,0.99
1603,297,11,2754,20240728,0.99,1,0.99
1604,297,11,2758,20240728,0.99,1,0.99
1605,297,11,2762,20240728,0.99,1,0.99
1606,297,11,2766,20240728,0.99,1,0.99
1607,297,11,2770,20240728,0.99,1,0.99
1608,297,11,2774,20240728,0.99,1,0.99
1609,298,17,2780,20240731,0.99,1,0.99
1610,298,17,2786,20240731,0.99,1,0.99
1611,298,17,2792,20240731,0.99,1,0.99
1612,298,17,2798,20240731,0.99,1,0.99
1613,298,17,2804,20240731,0.99,1,0.99
1614,298,17,2810,20240731,0.99,1,0.99
1615,298,17,2816,20240731,0.99,1,0.99
1616,298,17,2822,20240731,1.99,1,1.99
1617,298,17,2828,20240731,1.99,1,1.99
1618,299,26,2837,20240805,1.99,1,1.99
1619,299,26,2846,20240805,1.99,1,1.99
1620,299,26,2855,20240805,1.99,1,1.99
1621,299,26,2864,20240805,1.99,1,1.99
1622,299,26,2873,20240805,1.99,1,1.99
1623,299,26,2882,20240805,1.99,1,1.99
1624,299,26,2891,20240805,1.99,1,1.99
1625,299,26,2900,20240805,1.99,1,1.99
1626,299,26,2909,20240805,1.99,1,1.99
1627,299,26,2918,20240805,1.99,1,1.99
1628,299,26,2927,20240805,0.99,1,0.99
1629,299,26,2936,20240805,0.99,1,0.99
1630,299,26,2945,20240805,0.99,1,0.99
1631,299,26,2954,20240805,0.99,1,0.99
1632,300,40,2968,20240813,0.99,1,0.99
1633,301,41,2969,20240826,0.99,1,0.99
1634,301,41,2970,20240826,0.99,1,0.99
1635,302,43,2972,20240826,0.99,1,0.99
1636,302,43,2974,20240826,0.99,1,0.99
1637,303,45,2976,20240827,0.99,1,0.99
1638,303,45,2978,20240827,0.99,1,0.99
1639,303,45,2980,20240827,0.99,1,0.99
1640,303,45,2982,20240827,0.99,1,0.99
1641,304,49,2986,20240828,0.99,1,0.99
1642,304,49,2990,20240828,0.99,1,0.99
1643,304,49,2994,20240828,0.99,1,0.99
1644,304,49,2998,20240828,0.99,1,0.99
1645,304,49,3002,20240828,0.99,1,0.99
1646,304,49,3006,20240828,0.99,1,0.99
1647,305,55,3012,20240831,0.99,1,0.99
1648,305,55,3018,20240831,0.99,1,0.99
1649,305,55,3024,20240831,0.99,1,0.99
1650,305,55,3030,20240831,0.99,1,0.99
1651,305,55,3036,20240831,0.99,1,0.99
1652,305,55,3042,20240831,0.99,1,0.99
1653,305,55,3048,20240831,0.99,1,0.99
1654,305,55,3054,20240831,0.99,1,0.99
1655,305,55,3060,20240831,0.99,1,0.99
1656,306,5,3069,20240905,0.99,1,0.99
1657,306,5,3078,20240905,0.99,1,0.99
1658,306,5,3087,20240905,0.99,1,0.99
1659,306,5,3096,20240905,0.99,1,0.99
1660,306,5,3105,20240905,0.99,1,0.99
1661,306,5,3114,20240905,0.99,1,0.99
1662,306,5,3123,20240905,0.99,1,0.99
1663,306,5,3132,20240905,0.99,1,0.99
1664,306,5,3141,20240905,0.99,1,0.99
1665,306,5,3150,20240905,0.99,1,0.99
1666,306,5,3159,20240905,0.99,1,0.99
1667,306,5,3168,20240905,1.99,1,1.99
1668,306,5,3177,20240905,1.99,1,1.99
1669,306,5,3186,20240905,1.99,1,1.99
1670,307,19,3200,20240913,1.99,1,1.99
1671,308,20,3201,20240926,1.99,1,1.99
1672,308,20,3202,20240926,1.99,1,1.99
1673,309,22,3204,20240926,1.99,1,1.99
1674,309,22,3206,20240926,1.99,1,1.99
1675,310,24,3208,20240927,1.99,1,1.99
1676,310,24,3210,20240927,1.99,1,1.99
1677,310,24,3212,20240927,1.99,1,1.99
1678,310,24,3214,20240927,1.99,1,1.99
1679,311,28,3218,20240928,1.99,1,1.99
1680,311,28,3222,20240928,1.99,1,1.99
1681,311,28,3226,20240928,1.99,1,1.99
1682,311,28,3230,20240928,1.99,1,1.99
1683,311,28,3234,20240928,1.99,1,1.99
1684,311,28,3238,20240928,1.99,1,1.99
1685,312,34,3244,20241001,1.99,1,1.99
1686,312,34,3250,20241001,1.99,1,1.99
1687,312,34,3256,20241001,0.99,1,0.99
1688,312,34,3262,20241001,0.99,1,0.99
1689,312,34,3268,20241001,0.99,1,0.99
1690,312,34,3274,20241001,0.99,1,0.99
1691,312,34,3280,20241001,0.99,1,0.99
1692,312,34,3286,20241001,0.99,1,0.99
1693,312,34,3292,20241001,0.99,1,0.99
1694,313,43,3301,20241006,0.99,1,0.99
1695,313,43,3310,20241006,0.99,1,0.99
1696,313,43,3319,20241006,0.99,1,0.99
1697,313,43,3328,20241006,0.99,1,0.99
1698,313,43,3337,20241006,1.99,1,1.99
1699,313,43,3346,20241006,1.99,1,1.99
1700,313,43,3355,20241006,0.99,1,0.99
1701,313,43,3364,20241006,1.99,1,1.99
1702,313,43,3373,20241006,0.99,1,0.99
1703,313,43,3382,20241006,0.99,1,0.99
1704,313,43,3391,20241006,0.99,1,0.99
1705,313,43,3400,20241006,0.99,1,0.99
1706,313,43,3409,20241006,0.99,1,0.99
1707,313,43,3418,20241006,0.99,1,0.99
1708,314,57,3432,20241014,0.99,1,0.99
1709,315,58,3433,20241027,0.99,1,0.99
1710,315,58,3434,20241027,0.99,1,0.99
1711,316,1,3436,20241027,0.99,1,0.99
1712,316,1,3438,20241027,0.99,1,0.99
1713,317,3,3440,20241028,0.99,1,0.99
1714,317,3,3442,20241028,0.99,1,0.99
1715,317,3,3444,20241028,0.99,1,0.99
1716,317,3,3446,20241028,0.99,1,0.99
1717,318,7,3450,20241029,0.99,1,0.99
1718,318,7,3454,20241029,0.99,1,0.99
1719,318,7,3458,20241029,0.99,1,0.99
1720,318,7,3462,20241029,0.99,1,0.99
1721,318,7,3466,20241029,0.99,1,0.99
1722,318,7,3470,20241029,0.99,1,0.99
1723,319,13,3476,20241101,0.99,1,0.99
1724,319,13,3482,20241101,0.99,1,0.99
1725,319,13,3488,20241101,0.99,1,0.99
1726,319,13,3494,20241101,0.99,1,0.99
1727,319,13,3500,20241101,0.99,1,0.99
1728,319,13,3,20241101,0.99,1,0.99
1729,319,13,9,20241101,0.99,1,0.99
1730,319,13,15,20241101,0.99,1,0.99
1731,319,13,21,20241101,0.99,1,0.99
1732,320,22,30,20241106,0.99,1,0.99
1733,320,22,39,20241106,0.99,1,0.99
1734,320,22,48,20241106,0.99,1,0.99
1735,320,22,57,20241106,0.99,1,0.99
1736,320,22,66,20241106,0.99,1,0.99
1737,320,22,75,20241106,0.99,1,0.99
1738,320,22,84,20241106,0.99,1,0.99
1739,320,22,93,20241106,0.99,1,0.99
1740,320,22,102,20241106,0.99,1,0.99
1741,320,22,111,20241106,0.99,1,0.99
1742,320,22,120,20241106,0.99,1,0.99
1743,320,22,129,20241106,0.99,1,0.99
1744,320,22,138,20241106,0.99,1,0.99
1745,320,22,147,20241106,0.99,1,0.99
1746,321,36,161,20241114,0.99,1,0.99
1747,322,37,162,20241127,0.99,1,0.99
1748,322,37,163,20241127,0.99,1,0.99
1749,323,39,165,20241127,0.99,1,0.99
1750,323,39,167,20241127,0.99,1,0.99
1751,324,41,169,20241128,0.99,1,0.99
1752,324,41,171,20241128,0.99,1,0.99
1753,324,41,173,20241128,0.99,1,0.99
1754,324,41,175,20241128,0.99,1,0.99
1755,325,45,179,20241129,0.99,1,0.99
1756,325,45,183,20241129,0.99,1,0.99
1757,325,45,187,20241129,0.99,1,0.99
1758,325,45,191,20241129,0.99,1,0.99
1759,325,45,195,20241129,0.99,1,0.99
1760,325,45,199,20241129,0.99,1,0.99
1761,326,51,205,20241202,0.99,1,0.99
1762,326,51,211,20241202,0.99,1,0.99
1763,326,51,217,20241202,0.99,1,0.99
1764,326,51,223,20241202,0.99,1,0.99
1765,326,51,229,20241202,0.99,1,0.99
1766,326,51,235,20241202,0.99,1,0.99
1767,326,51,241,20241202,0.99,1,0.99
1768,326,51,247,20241202,0.99,1,0.99
1769,326,51,253,20241202,0.99,1,0.99
1770,327,1,262,20241207,0.99,1,0.99
1771,327,1,271,20241207,0.99,1,0.99
1772,327,1,280,20241207,0.99,1,0.99
1773,327,1,289,20241207,0.99,1,0.99
1774,327,1,298,20241207,0.99,1,0.99
1775,327,1,307,20241207,0.99,1,0.99
1776,327,1,316,20241207,0.99,1,0.99
1777,327,1,325,20241207,0.99,1,0.99
1778,327,1,334,20241207,0.99,1,0.99
1779,327,1,343,20241207,0.99,1,0.99
1780,327,1,352,20241207,0.99,1,0.99
1781,327,1,361,20241207,0.99,1,0.99
1782,327,1,370,20241207,0.99,1,0.99
1783,327,1,379,20241207,0.99,1,0.99
1784,328,15,393,20241215,0.99,1,0.99
1785,329,16,394,20241228,0.99,1,0.99
1786,329,16,395,20241228,0.99,1,0.99
1787,330,18,397,20241228,0.99,1,0.99
1788,330,18,399,20241228,0.99,1,0.99
1789,331,20,401,20241229,0.99,1,0.99
1790,331,20,403,20241229,0.99,1,0.99
1791,331,20,405,20241229,0.99,1,0.99
1792,331,20,407,20241229,0.99,1,0.99
1793,332,24,411,20241230,0.99,1,0.99
1794,332,24,415,20241230,0.99,1,0.99
1795,332,24,419,20241230,0.99,1,0.99
1796,332,24,423,20241230,0.99,1,0.99
1797,332,24,427,20241230,0.99,1,0.99
1798,332,24,431,20241230,0.99,1,0.99
1799,333,30,437,20250102,0.99,1,0.99
1800,333,30,443,20250102,0.99,1,0.99
1801,333,30,449,20250102,0.99,1,0.99
1802,333,30,455,20250102,0.99,1,0.99
1803,333,30,461,20250102,0.99,1,0.99
1804,333,30,467,20250102,0.99,1,0.99
1805,333,30,473,20250102,0.99,1,0.99
1806,333,30,479,20250102,0.99,1,0.99
1807,333,30,485,20250102,0.99,1,0.99
1808,334,39,494,20250107,0.99,1,0.99
1809,334,39,503,20250107,0.99,1,0.99
1810,334,39,512,20250107,0.99,1,0.99
1811,334,39,521,20250107,0.99,1,0.99
1812,334,39,530,20250107,0.99,1,0.99
1813,334,39,539,20250107,0.99,1,0.99
1814,334,39,548,20250107,0.99,1,0.99
1815,334,39,557,20250107,0.99,1,0.99
1816,334,39,566,20250107,0.99,1,0.99
1817,334,39,575,20250107,0.99,1,0.99
1818,334,39,584,20250107,0.99,1,0.99
1819,334,39,593,20250107,0.99,1,0.99
1820,334,39,602,20250107,0.99,1,0.99
1821,334,39,611,20250107,0.99,1,0.99
1822,335,53,625,20250115,0.99,1,0.99
1823,336,54,626,20250128,0.99,1,0.99
1824,336,54,627,20250128,0.99,1,0.99
1825,337,56,629,20250128,0.99,1,0.99
1826,337,56,631,20250128,0.99,1,0.99
1827,338,58,633,20250129,0.99,1,0.99
1828,338,58,635,20250129,0.99,1,0.99
1829,338,58,637,20250129,0.99,1,0.99
1830,338,58,639,20250129,0.99,1,0.99
1831,339,3,643,20250130,0.99,1,0.99
1832,339,3,647,20250130,0.99,1,0.99
1833,339,3,651,20250130,0.99,1,0.99
1834,339,3,655,20250130,0.99,1,0.99
1835,339,3,659,20250130,0.99,1,0.99
1836,339,3,663,20250130,0.99,1,0.99
1837,340,9,669,20250202,0.99,1,0.99
1838,340,9,675,20250202,0.99,1,0.99
1839,340,9,681,20250202,0.99,1,0.99
1840,340,9,687,20250202,0.99,1,0.99
1841,340,9,693,20250202,0.99,1,0.99
1842,340,9,699,20250202,0.99,1,0.99
1843,340,9,705,20250202,0.99,1,0.99
1844,340,9,711,20250202,0.99,1,0.99
1845,340,9,717,20250202,0.99,1,0.99
1846,341,18,726,20250207,0.99,1,0.99
1847,341,18,735,20250207,0.99,1,0.99
1848,341,18,744,20250207,0.99,1,0.99
1849,341,18,753,20250207,0.99,1,0.99
1850,341,18,762,20250207,0.99,1,0.99
1851,341,18,771,20250207,0.99,1,0.99
1852,341,18,780,20250207,0.99,1,0.99
1853,341,18,789,20250207,0.99,1,0.99
1854,341,18,798,20250207,0.99,1,0.99
1855,341,18,807,20250207,0.99,1,0.99
1856,341,18,816,20250207,0.99,1,0.99
1857,341,18,825,20250207,0.99,1,0.99
1858,341,18,834,20250207,0.99,1,0.99
1859,341,18,843,20250207,0.99,1,0.99
1860,342,32,857,20250215,0.99,1,0.99
1861,343,33,858,20250228,0.99,1,0.99
1862,343,33,859,20250228,0.99,1,0.99
1863,344,35,861,20250228,0.99,1,0.99
1864,344,35,863,20250228,0.99,1,0.99
1865,345,37,865,20250301,0.99,1,0.99
1866,345,37,867,20250301,0.99,1,0.99
1867,345,37,869,20250301,0.99,1,0.99
1868,345,37,871,20250301,0.99,1,0.99
1869,346,41,875,20250302,0.99,1,0.99
1870,346,41,879,20250302,0.99,1,0.99
1871,346,41,883,20250302,0.99,1,0.99
1872,346,41,887,20250302,0.99,1,0.99
1873,346,41,891,20250302,0.99,1,0.99
1874,346,41,895,20250302,0.99,1,0.99
1875,347,47,901,20250305,0.99,1,0.99
1876,347,47,907,20250305,0.99,1,0.99
1877,347,47,913,20250305,0.99,1,0.99
1878,347,47,919,20250305,0.99,1,0.99
1879,347,47,925,20250305,0.99,1,0.99
1880,347,47,931,20250305,0.99,1,0.99
1881,347,47,937,20250305,0.99,1,0.99
1882,347,47,943,20250305,0.99,1,0.99
1883,347,47,949,20250305,0.99,1,0.99
1884,348,56,958,20250310,0.99,1,0.99
1885,348,56,967,20250310,0.99,1,0.99
1886,348,56,976,20250310,0.99,1,0.99
1887,348,56,985,20250310,0.99,1,0.99
1888,348,56,994,20250310,0.99,1,0.99
1889,348,56,1003,20250310,0.99,1,0.99
1890,348,56,1012,20250310,0.99,1,0.99
1891,348,56,1021,20250310,0.99,1,0.99
1892,348,56,1030,20250310,0.99,1,0.99
1893,348,56,1039,20250310,0.99,1,0.99
1894,348,56,1048,20250310,0.99,1,0.99
1895,348,56,1057,20250310,0.99,1,0.99
1896,348,56,1066,20250310,0.99,1,0.99
1897,348,56,1075,20250310,0.99,1,0.99
1898,349,11,1089,20250318,0.99,1,0.99
1899,350,12,1090,20250331,0.99,1,0.99
1900,350,12,1091,20250331,0.99,1,0.99
1901,351,14,1093,20250331,0.99,1,0.99
1902,351,14,1095,20250331,0.99,1,0.99
1903,352,16,1097,20250401,0.99,1,0.99
1904,352,16,1099,20250401,0.99,1,0.99
1905,352,16,1101,20250401,0.99,1,0.99
1906,352,16,1103,20250401,0.99,1,0.99
1907,353,20,1107,20250402,0.99,1,0.99
1908,353,20,1111,20250402,0.99,1,0.99
1909,353,20,1115,20250402,0.99,1,0.99
1910,353,20,1119,20250402,0.99,1,0.99
1911,353,20,1123,20250402,0.99,1,0.99
1912,353,20,1127,20250402,0.99,1,0.99
1913,354,26,1133,20250405,0.99,1,0.99
1914,354,26,1139,20250405,0.99,1,0.99
1915,354,26,1145,20250405,0.99,1,0.99
1916,354,26,1151,20250405,0.99,1,0.99
1917,354,26,1157,20250405,0.99,1,0.99
1918,354,26,1163,20250405,0.99,1,0.99
1919,354,26,1169,20250405,0.99,1,0.99
1920,354,26,1175,20250405,0.99,1,0.99
1921,354,26,1181,20250405,0.99,1,0.99
1922,355,35,1190,20250410,0.99,1,0.99
1923,355,35,1199,20250410,0.99,1,0.99
1924,355,35,1208,20250410,0.99,1,0.99
1925,355,35,1217,20250410,0.99,1,0.99
1926,355,35,1226,20250410,0.99,1,0.99
1927,355,35,1235,20250410,0.99,1,0.99
1928,355,35,1244,20250410,0.99,1,0.99
1929,355,35,1253,20250410,0.99,1,0.99
1930,355,35,1262,20250410,0.99,1,0.99
1931,355,35,1271,20250410,0.99,1,0.99
1932,355,35,1280,20250410,0.99,1,0.99
1933,355,35,1289,20250410,0.99,1,0.99
1934,355,35,1298,20250410,0.99,1,0.99
1935,355,35,1307,20250410,0.99,1,0.99
1936,356,49,1321,20250418,0.99,1,0.99
1937,357,50,1322,20250501,0.99,1,0.99
1938,357,50,1323,20250501,0.99,1,0.99
1939,358,52,1325,20250501,0.99,1,0.99
1940,358,52,1327,20250501,0.99,1,0.99
1941,359,54,1329,20250502,0.99,1,0.99
1942,359,54,1331,20250502,0.99,1,0.99
1943,359,54,1333,20250502,0.99,1,0.99
1944,359,54,1335,20250502,0.99,1,0.99
1945,360,58,1339,20250503,0.99,1,0.99
1946,360,58,1343,20250503,0.99,1,0.99
1947,360,58,1347,20250503,0.99,1,0.99
1948,360,58,1351,20250503,0.99,1,0.99
1949,360,58,1355,20250503,0.99,1,0.99
1950,360,58,1359,20250503,0.99,1,0.99
1951,361,5,1365,20250506,0.99,1,0.99
1952,361,5,1371,20250506,0.99,1,0.99
1953,361,5,1377,20250506,0.99,1,0.99
1954,361,5,1383,20250506,0.99,1,0.99
1955,361,5,1389,20250506,0.99,1,0.99
1956,361,5,1395,20250506,0.99,1,0.99
1957,361,5,1401,20250506,0.99,1,0.99
1958,361,5,1407,20250506,0.99,1,0.99
1959,361,5,1413,20250506,0.99,1,0.99
1960,362,14,1422,20250511,0.99,1,0.99
1961,362,14,1431,20250511,0.99,1,0.99
1962,362,14,1440,20250511,0.99,1,0.99
1963,362,14,1449,20250511,0.99,1,0.99
1964,362,14,1458,20250511,0.99,1,0.99
1965,362,14,1467,20250511,0.99,1,0.99
1966,362,14,1476,20250511,0.99,1,0.99
1967,362,14,1485,20250511,0.99,1,0.99
1968,362,14,1494,20250511,0.99,1,0.99
1969,362,14,1503,20250511,0.99,1,0.99
1970,362,14,1512,20250511,0.99,1,0.99
1971,362,14,1521,20250511,0.99,1,0.99
1972,362,14,1530,20250511,0.99,1,0.99
1973,362,14,1539,20250511,0.99,1,0.99
1974,363,28,1553,20250519,0.99,1,0.99
1975,364,29,1554,20250601,0.99,1,0.99
1976,364,29,1555,20250601,0.99,1,0.99
1977,365,31,1557,20250601,0.99,1,0.99
1978,365,31,1559,20250601,0.99,1,0.99
1979,366,33,1561,20250602,0.99,1,0.99
1980,366,33,1563,20250602,0.99,1,0.99
1981,366,33,1565,20250602,0.99,1,0.99
1982,366,33,1567,20250602,0.99,1,0.99
1983,367,37,1571,20250603,0.99,1,0.99
1984,367,37,1575,20250603,0.99,1,0.99
1985,367,37,1579,20250603,0.99,1,0.99
1986,367,37,1583,20250603,0.99,1,0.99
1987,367,37,1587,20250603,0.99,1,0.99
1988,367,37,1591,20250603,0.99,1,0.99
1989,368,43,1597,20250606,0.99,1,0.99
1990,368,43,1603,20250606,0.99,1,0.99
1991,368,43,1609,20250606,0.99,1,0.99
1992,368,43,1615,20250606,0.99,1,0.99
1993,368,43,1621,20250606,0.99,1,0.99
1994,368,43,1627,20250606,0.99,1,0.99
1995,368,43,1633,20250606,0.99,1,0.99
1996,368,43,1639,20250606,0.99,1,0.99
1997,368,43,1645,20250606,0.99,1,0.99
1998,369,52,1654,20250611,0.99,1,0.99
1999,369,52,1663,20250611,0.99,1,0.99
2000,369,52,1672,20250611,0.99,1,0.99
2001,369,52,1681,20250611,0.99,1,0.99
2002,369,52,1690,20250611,0.99,1,0.99
2003,369,52,1699,20250611,0.99,1,0.99
2004,369,52,1708,20250611,0.99,1,0.99
2005,369,52,1717,20250611,0.99,1,0.99
2006,369,52,1726,20250611,0.99,1,0.99
2007,369,52,1735,20250611,0.99,1,0.99
2008,369,52,1744,20250611,0.99,1,0.99
2009,369,52,1753,20250611,0.99,1,0.99
2010,369,52,1762,20250611,0.99,1,0.99
2011,369,52,1771,20250611,0.99,1,0.99
2012,370,7,1785,20250619,0.99,1,0.99
2013,371,8,1786,20250702,0.99,1,0.99
2014,371,8,1787,20250702,0.99,1,0.99
2015,372,10,1789,20250702,0.99,1,0.99
2016,372,10,1791,20250702,0.99,1,0.99
2017,373,12,1793,20250703,0.99,1,0.99
2018,373,12,1795,20250703,0.99,1,0.99
2019,373,12,1797,20250703,0.99,1,0.99
2020,373,12,1799,20250703,0.99,1,0.99
2021,374,16,1803,20250704,0.99,1,0.99
2022,374,16,1807,20250704,0.99,1,0.99
2023,374,16,1811,20250704,0.99,1,0.99
2024,374,16,1815,20250704,0.99,1,0.99
2025,374,16,1819,20250704,0.99,1,0.99
2026,374,16,1823,20250704,0.99,1,0.99
2027,375,22,1829,20250707,0.99,1,0.99
2028,375,22,1835,20250707,0.99,1,0.99
2029,375,22,1841,20250707,0.99,1,0.99
2030,375,22,1847,20250707,0.99,1,0.99
2031,375,22,1853,20250707,0.99,1,0.99
2032,375,22,1859,20250707,0.99,1,0.99
2033,375,22,1865,20250707,0.99,1,0.99
2034,375,22,1871,20250707,0.99,1,0.99
2035,375,22,1877,20250707,0.99,1,0.99
2036,376,31,1886,20250712,0.99,1,0.99
2037,376,31,1895,20250712,0.99,1,0.99
2038,376,31,1904,20250712,0.99,1,0.99
2039,376,31,1913,20250712,0.99,1,0.99
2040,376,31,1922,20250712,0.99,1,0.99
2041,376,31,1931,20250712,0.99,1,0.99
2042,376,31,1940,20250712,0.99,1,0.99
2043,376,31,1949,20250712,0.99,1,0.99
2044,376,31,1958,20250712,0.99,1,0.99
2045,376,31,1967,20250712,0.99,1,0.99
2046,376,31,1976,20250712,0.99,1,0.99
2047,376,31,1985,20250712,0.99,1,0.99
2048,376,31,1994,20250712,0.99,1,0.99
2049,376,31,2003,20250712,0.99,1,0.99
2050,377,45,2017,20250720,0.99,1,0.99
2051,378,46,2018,20250802,0.99,1,0.99
2052,378,46,2019,20250802,0.99,1,0.99
2053,379,48,2021,20250802,0.99,1,0.99
2054,379,48,2023,20250802,0.99,1,0.99
2055,380,50,2025,20250803,0.99,1,0.99
2056,380,50,2027,20250803,0.99,1,0.99
2057,380,50,2029,20250803,0.99,1,0.99
2058,380,50,2031,20250803,0.99,1,0.99
2059,381,54,2035,20250804,0.99,1,0.99
2060,381,54,2039,20250804,0.99,1,0.99
2061,381,54,2043,20250804,0.99,1,0.99
2062,381,54,2047,20250804,0.99,1,0.99
2063,381,54,2051,20250804,0.99,1,0.99
2064,381,54,2055,20250804,0.99,1,0.99
2065,382,1,2061,20250807,0.99,1,0.99
2066,382,1,2067,20250807,0.99,1,0.99
2067,382,1,2073,20250807,0.99,1,0.99
2068,382,1,2079,20250807,0.99,1,0.99
2069,382,1,2085,20250807,0.99,1,0.99
2070,382,1,2091,20250807,0.99,1,0.99
2071,382,1,2097,20250807,0.99,1,0.99
2072,382,1,2103,20250807,0.99,1,0.99
2073,382,1,2109,20250807,0.99,1,0.99
2074,383,10,2118,20250812,0.99,1,0.99
2075,383,10,2127,20250812,0.99,1,0.99
2076,383,10,2136,20250812,0.99,1,0.99
2077,383,10,2145,20250812,0.99,1,0.99
2078,383,10,2154,20250812,0.99,1,0.99
2079,383,10,2163,20250812,0.99,1,0.99
2080,383,10,2172,20250812,0.99,1,0.99
2081,383,10,2181,20250812,0.99,1,0.99
2082,383,10,2190,20250812,0.99,1,0.99
2083,383,10,2199,20250812,0.99,1,0.99
2084,383,10,2208,20250812,0.99,1,0.99
2085,383,10,2217,20250812,0.99,1,0.99
2086,383,10,2226,20250812,0.99,1,0.99
2087,383,10,2235,20250812,0.99,1,0.99
2088,384,24,2249,20250820,0.99,1,0.99
2089,385,25,2250,20250902,0.99,1,0.99
2090,385,25,2251,20250902,0.99,1,0.99
2091,386,27,2253,20250902,0.99,1,0.99
2092,386,27,2255,20250902,0.99,1,0.99
2093,387,29,2257,20250903,0.99,1,0.99
2094,387,29,2259,20250903,0.99,1,0.99
2095,387,29,2261,20250903,0.99,1,0.99
2096,387,29,2263,20250903,0.99,1,0.99
2097,388,33,2267,20250904,0.99,1,0.99
2098,388,33,2271,20250904,0.99,1,0.99
2099,388,33,2275,20250904,0.99,1,0.99
2100,388,33,2279,20250904,0.99,1,0.99
2101,388,33,2283,20250904,0.99,1,0.99
2102,388,33,2287,20250904,0.99,1,0.99
2103,389,39,2293,20250907,0.99,1,0.99
2104,389,39,2299,20250907,0.99,1,0.99
2105,389,39,2305,20250907,0.99,1,0.99
2106,389,39,2311,20250907,0.99,1,0.99
2107,389,39,2317,20250907,0.99,1,0.99
2108,389,39,2323,20250907,0.99,1,0.99
2109,389,39,2329,20250907,0.99,1,0.99
2110,389,39,2335,20250907,0.99,1,0.99
2111,389,39,2341,20250907,0.99,1,0.99
2112,390,48,2350,20250912,0.99,1,0.99
2113,390,48,2359,20250912,0.99,1,0.99
2114,390,48,2368,20250912,0.99,1,0.99
2115,390,48,2377,20250912,0.99,1,0.99
2116,390,48,2386,20250912,0.99,1,0.99
2117,390,48,2395,20250912,0.99,1,0.99
2118,390,48,2404,20250912,0.99,1,0.99
2119,390,48,2413,20250912,0.99,1,0.99
2120,390,48,2422,20250912,0.99,1,0.99
2121,390,48,2431,20250912,0.99,1,0.99
2122,390,48,2440,20250912,0.99,1,0.99
2123,390,48,2449,20250912,0.99,1,0.99
2124,390,48,2458,20250912,0.99,1,0.99
2125,390,48,2467,20250912,0.99,1,0.99
2126,391,3,2481,20250920,0.99,1,0.99
2127,392,4,2482,20251003,0.99,1,0.99
2128,392,4,2483,20251003,0.99,1,0.99
2129,393,6,2485,20251003,0.99,1,0.99
2130,393,6,2487,20251003,0.99,1,0.99
2131,394,8,2489,20251004,0.99,1,0.99
2132,394,8,2491,20251004,0.99,1,0.99
2133,394,8,2493,20251004,0.99,1,0.99
2134,394,8,2495,20251004,0.99,1,0.99
2135,395,12,2499,20251005,0.99,1,0.99
2136,395,12,2503,20251005,0.99,1,0.99
2137,395,12,2507,20251005,0.99,1,0.99
2138,395,12,2511,20251005,0.99,1,0.99
2139,395,12,2515,20251005,0.99,1,0.99
2140,395,12,2519,20251005,0.99,1,0.99
2141,396,18,2525,20251008,0.99,1,0.99
2142,396,18,2531,20251008,0.99,1,0.99
2143,396,18,2537,20251008,0.99,1,0.99
2144,396,18,2543,20251008,0.99,1,0.99
2145,396,18,2549,20251008,0.99,1,0.99
2146,396,18,2555,20251008,0.99,1,0.99
2147,396,18,2561,20251008,0.99,1,0.99
2148,396,18,2567,20251008,0.99,1,0.99
2149,396,18,2573,20251008,0.99,1,0.99
2150,397,27,2582,20251013,0.99,1,0.99
2151,397,27,2591,20251013,0.99,1,0.99
2152,397,27,2600,20251013,0.99,1,0.99
2153,397,27,2609,20251013,0.99,1,0.99
2154,397,27,2618,20251013,0.99,1,0.99
2155,397,27,2627,20251013,0.99,1,0.99
2156,397,27,2636,20251013,0.99,1,0.99
2157,397,27,2645,20251013,0.99,1,0.99
2158,397,27,2654,20251013,0.99,1,0.99
2159,397,27,2663,20251013,0.99,1,0.99
2160,397,27,2672,20251013,0.99,1,0.99
2161,397,27,2681,20251013,0.99,1,0.99
2162,397,27,2690,20251013,0.99,1,0.99
2163,397,27,2699,20251013,0.99,1,0.99
2164,398,41,2713,20251021,0.99,1,0.99
2165,399,42,2714,20251103,0.99,1,0.99
2166,399,42,2715,20251103,0.99,1,0.99
2167,400,44,2717,20251103,0.99,1,0.99
2168,400,44,2719,20251103,0.99,1,0.99
2169,401,46,2721,20251104,0.99,1,0.99
2170,401,46,2723,20251104,0.99,1,0.99
2171,401,46,2725,20251104,0.99,1,0.99
2172,401,46,2727,20251104,0.99,1,0.99
2173,402,50,2731,20251105,0.99,1,0.99
2174,402,50,2735,20251105,0.99,1,0.99
2175,402,50,2739,20251105,0.99,1,0.99
2176,402,50,2743,20251105,0.99,1,0.99
2177,402,50,2747,20251105,0.99,1,0.99
2178,402,50,2751,20251105,0.99,1,0.99
2179,403,56,2757,20251108,0.99,1,0.99
2180,403,56,2763,20251108,0.99,1,0.99
2181,403,56,2769,20251108,0.99,1,0.99
2182,403,56,2775,20251108,0.99,1,0.99
2183,403,56,2781,20251108,0.99,1,0.99
2184,403,56,2787,20251108,0.99,1,0.99
2185,403,56,2793,20251108,0.99,1,0.99
2186,403,56,2799,20251108,0.99,1,0.99
2187,403,56,2805,20251108,0.99,1,0.99
2188,404,6,2814,20251113,0.99,1,0.99
2189,404,6,2823,20251113,1.99,1,1.99
2190,404,6,2832,20251113,1.99,1,1.99
2191,404,6,2841,20251113,1.99,1,1.99
2192,404,6,2850,20251113,1.99,1,1.99
2193,404,6,2859,20251113,1.99,1,1.99
2194,404,6,2868,20251113,1.99,1,1.99
2195,404,6,2877,20251113,1.99,1,1.99
2196,404,6,2886,20251113,1.99,1,1.99
2197,404,6,2895,20251113,1.99,1,1.99
2198,404,6,2904,20251113,1.99,1,1.99
2199,404,6,2913,20251113,1.99,1,1.99
2200,404,6,2922,20251113,1.99,1,1.99
2201,404,6,2931,20251113,0.99,1,0.99
2202,405,20,2945,20251121,0.99,1,0.99
2203,406,21,2946,20251204,0.99,1,0.99
2204,406,21,2947,20251204,0.99,1,0.99
2205,407,23,2949,20251204,0.99,1,0.99
2206,407,23,2951,20251204,0.99,1,0.99
2207,408,25,2953,20251205,0.99,1,0.99
2208,408,25,2955,20251205,0.99,1,0.99
2209,408,25,2957,20251205,0.99,1,0.99
2210,408,25,2959,20251205,0.99,1,0.99
2211,409,29,2963,20251206,0.99,1,0.99
2212,409,29,2967,20251206,0.99,1,0.99
2213,409,29,2971,20251206,0.99,1,0.99
2214,409,29,2975,20251206,0.99,1,0.99
2215,409,29,2979,20251206,0.99,1,0.99
2216,409,29,2983,20251206,0.99,1,0.99
2217,410,35,2989,20251209,0.99,1,0.99
2218,410,35,2995,20251209,0.99,1,0.99
2219,410,35,3001,20251209,0.99,1,0.99
2220,410,35,3007,20251209,0.99,1,0.99
2221,410,35,3013,20251209,0.99,1,0.99
2222,410,35,3019,20251209,0.99,1,0.99
2223,410,35,3025,20251209,0.99,1,0.99
2224,410,35,3031,20251209,0.99,1,0.99
2225,410,35,3037,20251209,0.99,1,0.99
2226,411,44,3046,20251214,0.99,1,0.99
2227,411,44,3055,20251214,0.99,1,0.99
2228,411,44,3064,20251214,0.99,1,0.99
2229,411,44,3073,20251214,0.99,1,0.99
2230,411,44,3082,20251214,0.99,1,0.99
2231,411,44,3091,20251214,0.99,1,0.99
2232,411,44,3100,20251214,0.99,1,0.99
2233,411,44,3109,20251214,0.99,1,0.99
2234,411,44,3118,20251214,0.99,1,0.99
2235,411,44,3127,20251214,0.99,1,0.99
2236,411,44,3136,20251214,0.99,1,0.99
2237,411,44,3145,20251214,0.99,1,0.99
2238,411,44,3154,20251214,0.99,1,0.99
2239,411,44,3163,20251214,0.99,1,0.99
2240,412,58,3177,20251222,1.99,1,1.99
